Date,Temperature,,,,,,,
1750-01-01,3.0340000000000003,,,,,,,
1750-02-01,3.083,,,,,,,
1750-03-01,5.626,,,,,,,
1750-04-01,8.49,,,,,,,
1750-05-01,11.573,,,,,,,
1750-06-01,12.937000000000001,,,,,,,
1750-07-01,15.868,,,,,,,
1750-08-01,14.75,,,,,,,
1750-09-01,11.412999999999998,,,,,,,
1750-10-01,6.366999999999999,,,,,,,
1750-11-01,,,,,,,,
1750-12-01,2.772,,,,,,,
1751-01-01,2.495,,,,,,,
1751-02-01,0.963,,,,,,,
1751-03-01,5.8,,,,,,,
1751-04-01,7.67,,,,,,,
1751-05-01,,,,,,,,
1751-06-01,13.827,,,,,,,
1751-07-01,,,,,,,,
1751-08-01,14.405,,,,,,,
1751-09-01,10.673,,,,,,,
1751-10-01,,,,,,,,
1751-11-01,,,,,,,,
1751-12-01,,,,,,,,
1752-01-01,0.3480000000000003,,,,,,,
1752-02-01,,,,,,,,
1752-03-01,5.806,,,,,,,
1752-04-01,8.264999999999999,,,,,,,
1752-05-01,,,,,,,,
1752-06-01,,,,,,,,
1752-07-01,,,,,,,,
1752-08-01,,,,,,,,
1752-09-01,,,,,,,,
1752-10-01,7.838999999999999,,,,,,,
1752-11-01,7.335,,,,,,,
1752-12-01,5.086,,,,,,,
1753-01-01,2.039,,,,,,,
1753-02-01,0.7149999999999999,,,,,,,
1753-03-01,5.4239999999999995,,,,,,,
1753-04-01,8.272,,,,,,,
1753-05-01,12.186,,,,,,,
1753-06-01,14.585,,,,,,,
1753-07-01,15.092,,,,,,,
1753-08-01,14.148,,,,,,,
1753-09-01,13.322000000000001,,,,,,,
1753-10-01,8.962,,,,,,,
1753-11-01,5.353,,,,,,,
1753-12-01,0.5589999999999997,,,,,,,
1754-01-01,1.574,,,,,,,
1754-02-01,-1.249,,,,,,,
1754-03-01,3.677,,,,,,,
1754-04-01,11.61,,,,,,,
1754-05-01,11.936,,,,,,,
1754-06-01,14.388,,,,,,,
1754-07-01,14.681,,,,,,,
1754-08-01,13.556,,,,,,,
1754-09-01,11.129000000000001,,,,,,,
1754-10-01,9.582,,,,,,,
1754-11-01,6.1610000000000005,,,,,,,
1754-12-01,4.587,,,,,,,
1755-01-01,1.067,,,,,,,
1755-02-01,-0.108,,,,,,,
1755-03-01,3.6069999999999998,,,,,,,
1755-04-01,9.263,,,,,,,
1755-05-01,12.880999999999998,,,,,,,
1755-06-01,15.38,,,,,,,
1755-07-01,14.397,,,,,,,
1755-08-01,13.515,,,,,,,
1755-09-01,11.773,,,,,,,
1755-10-01,9.97,,,,,,,
1755-11-01,5.957999999999999,,,,,,,
1755-12-01,2.5639999999999996,,,,,,,
1756-01-01,3.887,,,,,,,
1756-02-01,5.666,,,,,,,
1756-03-01,4.192,,,,,,,
1756-04-01,10.042,,,,,,,
1756-05-01,14.163999999999998,,,,,,,
1756-06-01,14.547,,,,,,,
1756-07-01,13.905999999999999,,,,,,,
1756-08-01,13.437000000000001,,,,,,,
1756-09-01,12.652000000000001,,,,,,,
1756-10-01,7.3119999999999985,,,,,,,
1756-11-01,4.225,,,,,,,
1756-12-01,2.165,,,,,,,
1757-01-01,-0.276,,,,,,,
1757-02-01,3.704,,,,,,,
1757-03-01,4.529,,,,,,,
1757-04-01,8.245999999999999,,,,,,,
1757-05-01,13.039000000000001,,,,,,,
1757-06-01,17.115,,,,,,,
1757-07-01,17.61,,,,,,,
1757-08-01,17.91,,,,,,,
1757-09-01,14.852,,,,,,,
1757-10-01,6.481999999999998,,,,,,,
1757-11-01,4.032,,,,,,,
1757-12-01,1.0210000000000004,,,,,,,
1758-01-01,-1.503,,,,,,,
1758-02-01,0.8059999999999999,,,,,,,
1758-03-01,3.765,,,,,,,
1758-04-01,7.209999999999999,,,,,,,
1758-05-01,9.715,,,,,,,
1758-06-01,13.139000000000001,,,,,,,
1758-07-01,13.847000000000001,,,,,,,
1758-08-01,11.818,,,,,,,
1758-09-01,10.028,,,,,,,
1758-10-01,1.8939999999999992,,,,,,,
1758-11-01,6.955,,,,,,,
1758-12-01,3.249,,,,,,,
1759-01-01,5.013999999999999,,,,,,,
1759-02-01,4.082,,,,,,,
1759-03-01,4.52,,,,,,,
1759-04-01,5.983,,,,,,,
1759-05-01,10.189,,,,,,,
1759-06-01,13.512,,,,,,,
1759-07-01,12.526,,,,,,,
1759-08-01,14.587,,,,,,,
1759-09-01,12.626,,,,,,,
1759-10-01,8.267000000000001,,,,,,,
1759-11-01,4.268000000000002,,,,,,,
1759-12-01,0.2469999999999999,,,,,,,
1760-01-01,-0.811,,,,,,,
1760-02-01,2.436,,,,,,,
1760-03-01,1.864,,,,,,,
1760-04-01,7.435999999999999,,,,,,,
1760-05-01,10.661,,,,,,,
1760-06-01,11.945,,,,,,,
1760-07-01,12.887,,,,,,,
1760-08-01,13.917,,,,,,,
1760-09-01,11.197000000000001,,,,,,,
1760-10-01,6.7010000000000005,,,,,,,
1760-11-01,5.436,,,,,,,
1760-12-01,2.553,,,,,,,
1761-01-01,0.6000000000000001,,,,,,,
1761-02-01,2.735,,,,,,,
1761-03-01,5.976,,,,,,,
1761-04-01,7.321000000000001,,,,,,,
1761-05-01,13.451,,,,,,,
1761-06-01,16.820999999999998,,,,,,,
1761-07-01,19.021,,,,,,,
1761-08-01,15.331,,,,,,,
1761-09-01,12.534999999999998,,,,,,,
1761-10-01,7.2269999999999985,,,,,,,
1761-11-01,5.0889999999999995,,,,,,,
1761-12-01,-0.837,,,,,,,
1762-01-01,6.8660000000000005,,,,,,,
1762-02-01,4.801,,,,,,,
1762-03-01,3.5280000000000005,,,,,,,
1762-04-01,9.019,,,,,,,
1762-05-01,10.880999999999998,,,,,,,
1762-06-01,13.499,,,,,,,
1762-07-01,14.72,,,,,,,
1762-08-01,13.992,,,,,,,
1762-09-01,10.326,,,,,,,
1762-10-01,6.156000000000001,,,,,,,
1762-11-01,6.367000000000001,,,,,,,
1762-12-01,3.123,,,,,,,
1763-01-01,1.3690000000000002,,,,,,,
1763-02-01,0.7709999999999999,,,,,,,
1763-03-01,1.5760000000000003,,,,,,,
1763-04-01,7.870999999999999,,,,,,,
1763-05-01,10.701,,,,,,,
1763-06-01,12.271,,,,,,,
1763-07-01,16.391,,,,,,,
1763-08-01,14.126,,,,,,,
1763-09-01,11.378,,,,,,,
1763-10-01,5.535,,,,,,,
1763-11-01,4.588,,,,,,,
1763-12-01,3.384,,,,,,,
1764-01-01,1.7409999999999999,,,,,,,
1764-02-01,6.162000000000001,,,,,,,
1764-03-01,5.521,,,,,,,
1764-04-01,7.879999999999999,,,,,,,
1764-05-01,11.175,,,,,,,
1764-06-01,11.723,,,,,,,
1764-07-01,12.507,,,,,,,
1764-08-01,12.282,,,,,,,
1764-09-01,10.696,,,,,,,
1764-10-01,10.011000000000001,,,,,,,
1764-11-01,5.791,,,,,,,
1764-12-01,5.315,,,,,,,
1765-01-01,3.78,,,,,,,
1765-02-01,3.832,,,,,,,
1765-03-01,6.859,,,,,,,
1765-04-01,9.013,,,,,,,
1765-05-01,10.734000000000002,,,,,,,
1765-06-01,10.832999999999998,,,,,,,
1765-07-01,13.953,,,,,,,
1765-08-01,13.12,,,,,,,
1765-09-01,10.993,,,,,,,
1765-10-01,7.904,,,,,,,
1765-11-01,5.603,,,,,,,
1765-12-01,2.399,,,,,,,
1766-01-01,-0.793,,,,,,,
1766-02-01,4.896,,,,,,,
1766-03-01,6.062,,,,,,,
1766-04-01,8.007,,,,,,,
1766-05-01,11.228,,,,,,,
1766-06-01,13.653,,,,,,,
1766-07-01,13.555,,,,,,,
1766-08-01,13.758,,,,,,,
1766-09-01,12.25,,,,,,,
1766-10-01,8.465,,,,,,,
1766-11-01,7.4540000000000015,,,,,,,
1766-12-01,2.333,,,,,,,
1767-01-01,-0.643,,,,,,,
1767-02-01,3.932,,,,,,,
1767-03-01,7.022,,,,,,,
1767-04-01,6.278,,,,,,,
1767-05-01,10.193,,,,,,,
1767-06-01,14.112,,,,,,,
1767-07-01,13.360999999999999,,,,,,,
1767-08-01,14.597000000000001,,,,,,,
1767-09-01,11.675,,,,,,,
1767-10-01,9.027000000000001,,,,,,,
1767-11-01,7.915,,,,,,,
1767-12-01,1.189,,,,,,,
1768-01-01,-2.08,,,,,,,
1768-02-01,0.5060000000000002,,,,,,,
1768-03-01,2.4459999999999997,,,,,,,
1768-04-01,6.92,,,,,,,
1768-05-01,9.066,,,,,,,
1768-06-01,12.489999999999998,,,,,,,
1768-07-01,13.875,,,,,,,
1768-08-01,12.352,,,,,,,
1768-09-01,10.824000000000002,,,,,,,
1768-10-01,7.728999999999999,,,,,,,
1768-11-01,4.581,,,,,,,
1768-12-01,2.667,,,,,,,
1769-01-01,2.305,,,,,,,
1769-02-01,2.164,,,,,,,
1769-03-01,4.57,,,,,,,
1769-04-01,8.966999999999997,,,,,,,
1769-05-01,12.873,,,,,,,
1769-06-01,15.142000000000001,,,,,,,
1769-07-01,14.460999999999999,,,,,,,
1769-08-01,13.494000000000002,,,,,,,
1769-09-01,11.25,,,,,,,
1769-10-01,5.296999999999999,,,,,,,
1769-11-01,2.79,,,,,,,
1769-12-01,-0.978,,,,,,,
1770-01-01,1.974,,,,,,,
1770-02-01,4.105,,,,,,,
1770-03-01,1.6119999999999999,,,,,,,
1770-04-01,9.788,,,,,,,
1770-05-01,9.996,,,,,,,
1770-06-01,11.884,,,,,,,
1770-07-01,11.620999999999999,,,,,,,
1770-08-01,11.413,,,,,,,
1770-09-01,10.724,,,,,,,
1770-10-01,8.661,,,,,,,
1770-11-01,5.791,,,,,,,
1770-12-01,4.734,,,,,,,
1771-01-01,5.101,,,,,,,
1771-02-01,-0.274,,,,,,,
1771-03-01,2.8139999999999996,,,,,,,
1771-04-01,5.716999999999999,,,,,,,
1771-05-01,9.626,,,,,,,
1771-06-01,14.104000000000001,,,,,,,
1771-07-01,13.828,,,,,,,
1771-08-01,14.204,,,,,,,
1771-09-01,11.363,,,,,,,
1771-10-01,10.317,,,,,,,
1771-11-01,4.916,,,,,,,
1771-12-01,2.522,,,,,,,
1772-01-01,1.253,,,,,,,
1772-02-01,1.4780000000000002,,,,,,,
1772-03-01,3.057,,,,,,,
1772-04-01,8.857999999999997,,,,,,,
1772-05-01,9.531,,,,,,,
1772-06-01,12.646999999999998,,,,,,,
1772-07-01,14.581,,,,,,,
1772-08-01,14.097999999999999,,,,,,,
1772-09-01,10.303,,,,,,,
1772-10-01,9.268,,,,,,,
1772-11-01,7.736000000000001,,,,,,,
1772-12-01,5.5120000000000005,,,,,,,
1773-01-01,-0.437,,,,,,,
1773-02-01,1.4209999999999998,,,,,,,
1773-03-01,4.4220000000000015,,,,,,,
1773-04-01,9.415,,,,,,,
1773-05-01,12.764000000000001,,,,,,,
1773-06-01,12.811,,,,,,,
1773-07-01,14.484000000000002,,,,,,,
1773-08-01,13.624,,,,,,,
1773-09-01,12.488,,,,,,,
1773-10-01,9.206,,,,,,,
1773-11-01,3.369,,,,,,,
1773-12-01,5.090999999999998,,,,,,,
1774-01-01,-0.325,,,,,,,
1774-02-01,4.914,,,,,,,
1774-03-01,5.643,,,,,,,
1774-04-01,10.153,,,,,,,
1774-05-01,16.025,,,,,,,
1774-06-01,15.371,,,,,,,
1774-07-01,16.521,,,,,,,
1774-08-01,14.099,,,,,,,
1774-09-01,10.936,,,,,,,
1774-10-01,8.59,,,,,,,
1774-11-01,3.029,,,,,,,
1774-12-01,0.31000000000000005,,,,,,,
1775-01-01,4.261,,,,,,,
1775-02-01,6.4270000000000005,,,,,,,
1775-03-01,7.7589999999999995,,,,,,,
1775-04-01,7.951999999999999,,,,,,,
1775-05-01,11.399000000000001,,,,,,,
1775-06-01,12.314,,,,,,,
1775-07-01,14.719000000000001,,,,,,,
1775-08-01,14.435,,,,,,,
1775-09-01,11.095999999999998,,,,,,,
1775-10-01,10.372,,,,,,,
1775-11-01,8.179,,,,,,,
1775-12-01,1.2839999999999998,,,,,,,
1776-01-01,-0.806,,,,,,,
1776-02-01,4.825,,,,,,,
1776-03-01,4.652,,,,,,,
1776-04-01,7.439999999999999,,,,,,,
1776-05-01,10.475,,,,,,,
1776-06-01,14.564,,,,,,,
1776-07-01,14.107999999999999,,,,,,,
1776-08-01,14.837,,,,,,,
1776-09-01,10.602,,,,,,,
1776-10-01,8.059999999999999,,,,,,,
1776-11-01,5.87,,,,,,,
1776-12-01,5.021,,,,,,,
1777-01-01,6.021000000000001,,,,,,,
1777-02-01,4.9190000000000005,,,,,,,
1777-03-01,5.572,,,,,,,
1777-04-01,6.361999999999999,,,,,,,
1777-05-01,11.389000000000001,,,,,,,
1777-06-01,12.323,,,,,,,
1777-07-01,12.743,,,,,,,
1777-08-01,12.815,,,,,,,
1777-09-01,11.379000000000001,,,,,,,
1777-10-01,6.956,,,,,,,
1777-11-01,5.529,,,,,,,
1777-12-01,3.0669999999999997,,,,,,,
1778-01-01,2.521,,,,,,,
1778-02-01,6.0939999999999985,,,,,,,
1778-03-01,4.604,,,,,,,
1778-04-01,10.983999999999998,,,,,,,
1778-05-01,11.286,,,,,,,
1778-06-01,11.731,,,,,,,
1778-07-01,15.037,,,,,,,
1778-08-01,12.869000000000002,,,,,,,
1778-09-01,13.377,,,,,,,
1778-10-01,8.049,,,,,,,
1778-11-01,3.8539999999999996,,,,,,,
1778-12-01,2.101,,,,,,,
1779-01-01,1.4700000000000002,,,,,,,
1779-02-01,5.14,,,,,,,
1779-03-01,6.9670000000000005,,,,,,,
1779-04-01,9.965,,,,,,,
1779-05-01,14.18,,,,,,,
1779-06-01,12.547,,,,,,,
1779-07-01,13.659,,,,,,,
1779-08-01,13.799000000000001,,,,,,,
1779-09-01,12.683,,,,,,,
1779-10-01,9.35,,,,,,,
1779-11-01,5.7700000000000005,,,,,,,
1779-12-01,2.269,,,,,,,
1780-01-01,2.515,,,,,,,
1780-02-01,4.08,,,,,,,
1780-03-01,5.724,,,,,,,
1780-04-01,13.732000000000001,,,,,,,
1780-05-01,15.756999999999998,,,,,,,
1780-06-01,14.747,,,,,,,
1780-07-01,16.183,,,,,,,
1780-08-01,12.947000000000001,,,,,,,
1780-09-01,8.844,,,,,,,
1780-10-01,9.376,,,,,,,
1780-11-01,6.706,,,,,,,
1780-12-01,2.5839999999999996,,,,,,,
1781-01-01,2.401,,,,,,,
1781-02-01,2.267,,,,,,,
1781-03-01,4.772,,,,,,,
1781-04-01,6.922999999999999,,,,,,,
1781-05-01,11.102,,,,,,,
1781-06-01,11.678,,,,,,,
1781-07-01,14.285,,,,,,,
1781-08-01,14.140999999999998,,,,,,,
1781-09-01,10.303999999999998,,,,,,,
1781-10-01,8.546999999999999,,,,,,,
1781-11-01,7.523,,,,,,,
1781-12-01,3.2880000000000003,,,,,,,
1782-01-01,0.3410000000000002,,,,,,,
1782-02-01,0.6389999999999998,,,,,,,
1782-03-01,2.565,,,,,,,
1782-04-01,8.617999999999999,,,,,,,
1782-05-01,10.989999999999998,,,,,,,
1782-06-01,13.800999999999998,,,,,,,
1782-07-01,13.925,,,,,,,
1782-08-01,15.683,,,,,,,
1782-09-01,12.398,,,,,,,
1782-10-01,8.978,,,,,,,
1782-11-01,4.956,,,,,,,
1782-12-01,1.921,,,,,,,
1783-01-01,-1.431,,,,,,,
1783-02-01,5.2940000000000005,,,,,,,
1783-03-01,4.7989999999999995,,,,,,,
1783-04-01,8.574,,,,,,,
1783-05-01,11.819,,,,,,,
1783-06-01,14.34,,,,,,,
1783-07-01,13.069,,,,,,,
1783-08-01,13.970999999999998,,,,,,,
1783-09-01,9.957999999999998,,,,,,,
1783-10-01,7.356999999999998,,,,,,,
1783-11-01,2.1959999999999997,,,,,,,
1783-12-01,2.224,,,,,,,
1784-01-01,2.596,,,,,,,
1784-02-01,0.989,,,,,,,
1784-03-01,3.9189999999999996,,,,,,,
1784-04-01,8.142000000000001,,,,,,,
1784-05-01,10.013,,,,,,,
1784-06-01,12.803,,,,,,,
1784-07-01,14.947,,,,,,,
1784-08-01,15.860999999999999,,,,,,,
1784-09-01,10.265999999999998,,,,,,,
1784-10-01,6.8359999999999985,,,,,,,
1784-11-01,4.5569999999999995,,,,,,,
1784-12-01,3.415,,,,,,,
1785-01-01,0.865,,,,,,,
1785-02-01,1.045,,,,,,,
1785-03-01,2.289,,,,,,,
1785-04-01,6.379,,,,,,,
1785-05-01,9.853,,,,,,,
1785-06-01,13.744000000000002,,,,,,,
1785-07-01,14.468,,,,,,,
1785-08-01,14.466,,,,,,,
1785-09-01,10.497,,,,,,,
1785-10-01,7.350999999999999,,,,,,,
1785-11-01,5.526,,,,,,,
1785-12-01,1.8730000000000002,,,,,,,
1786-01-01,0.7630000000000001,,,,,,,
1786-02-01,2.657,,,,,,,
1786-03-01,5.648,,,,,,,
1786-04-01,9.318,,,,,,,
1786-05-01,11.582999999999998,,,,,,,
1786-06-01,13.035,,,,,,,
1786-07-01,15.294,,,,,,,
1786-08-01,14.455,,,,,,,
1786-09-01,12.158,,,,,,,
1786-10-01,7.712000000000001,,,,,,,
1786-11-01,5.7410000000000005,,,,,,,
1786-12-01,0.7339999999999995,,,,,,,
1787-01-01,2.845,,,,,,,
1787-02-01,2.563,,,,,,,
1787-03-01,4.698,,,,,,,
1787-04-01,7.7719999999999985,,,,,,,
1787-05-01,11.403,,,,,,,
1787-06-01,14.369000000000002,,,,,,,
1787-07-01,13.450999999999999,,,,,,,
1787-08-01,13.555,,,,,,,
1787-09-01,10.357000000000001,,,,,,,
1787-10-01,7.7719999999999985,,,,,,,
1787-11-01,5.801,,,,,,,
1787-12-01,1.7959999999999998,,,,,,,
1788-01-01,0.7350000000000001,,,,,,,
1788-02-01,3.5810000000000004,,,,,,,
1788-03-01,5.336,,,,,,,
1788-04-01,8.713999999999999,,,,,,,
1788-05-01,10.428,,,,,,,
1788-06-01,13.808,,,,,,,
1788-07-01,16.468,,,,,,,
1788-08-01,13.885,,,,,,,
1788-09-01,11.699000000000002,,,,,,,
1788-10-01,9.349,,,,,,,
1788-11-01,6.111000000000001,,,,,,,
1788-12-01,1.2519999999999998,,,,,,,
1789-01-01,3.7060000000000004,,,,,,,
1789-02-01,1.675,,,,,,,
1789-03-01,3.989,,,,,,,
1789-04-01,7.693999999999999,,,,,,,
1789-05-01,11.666,,,,,,,
1789-06-01,13.507,,,,,,,
1789-07-01,15.462,,,,,,,
1789-08-01,13.84,,,,,,,
1789-09-01,12.018,,,,,,,
1789-10-01,7.39,,,,,,,
1789-11-01,5.9639999999999995,,,,,,,
1789-12-01,3.099,,,,,,,
1790-01-01,2.444,,,,,,,
1790-02-01,2.9730000000000003,,,,,,,
1790-03-01,4.582,,,,,,,
1790-04-01,6.052999999999999,,,,,,,
1790-05-01,10.357000000000001,,,,,,,
1790-06-01,13.746,,,,,,,
1790-07-01,13.812000000000001,,,,,,,
1790-08-01,13.925,,,,,,,
1790-09-01,11.233,,,,,,,
1790-10-01,8.577,,,,,,,
1790-11-01,5.331,,,,,,,
1790-12-01,2.755,,,,,,,
1791-01-01,1.493,,,,,,,
1791-02-01,3.466,,,,,,,
1791-03-01,4.79,,,,,,,
1791-04-01,9.127,,,,,,,
1791-05-01,9.859,,,,,,,
1791-06-01,13.231,,,,,,,
1791-07-01,13.612,,,,,,,
1791-08-01,13.744000000000002,,,,,,,
1791-09-01,11.677,,,,,,,
1791-10-01,8.08,,,,,,,
1791-11-01,6.206,,,,,,,
1791-12-01,3.5260000000000002,,,,,,,
1792-01-01,0.3480000000000003,,,,,,,
1792-02-01,3.62,,,,,,,
1792-03-01,4.428999999999999,,,,,,,
1792-04-01,7.994,,,,,,,
1792-05-01,11.321,,,,,,,
1792-06-01,13.581,,,,,,,
1792-07-01,14.212,,,,,,,
1792-08-01,12.280999999999999,,,,,,,
1792-09-01,12.491,,,,,,,
1792-10-01,8.097000000000001,,,,,,,
1792-11-01,5.306,,,,,,,
1792-12-01,3.388,,,,,,,
1793-01-01,0.5209999999999999,,,,,,,
1793-02-01,4.745,,,,,,,
1793-03-01,5.042,,,,,,,
1793-04-01,8.642999999999999,,,,,,,
1793-05-01,11.059000000000001,,,,,,,
1793-06-01,13.146,,,,,,,
1793-07-01,14.335999999999999,,,,,,,
1793-08-01,13.16,,,,,,,
1793-09-01,12.002,,,,,,,
1793-10-01,8.392999999999999,,,,,,,
1793-11-01,5.666,,,,,,,
1793-12-01,2.037,,,,,,,
1794-01-01,3.71,,,,,,,
1794-02-01,3.605,,,,,,,
1794-03-01,5.696000000000001,,,,,,,
1794-04-01,9.367,,,,,,,
1794-05-01,12.376,,,,,,,
1794-06-01,11.994000000000002,,,,,,,
1794-07-01,12.874,,,,,,,
1794-08-01,13.484000000000002,,,,,,,
1794-09-01,11.896,,,,,,,
1794-10-01,9.108,,,,,,,
1794-11-01,5.284,,,,,,,
1794-12-01,2.918,,,,,,,
1795-01-01,2.7310000000000003,,,,,,,
1795-02-01,4.39,,,,,,,
1795-03-01,5.709,,,,,,,
1795-04-01,8.918,,,,,,,
1795-05-01,11.029000000000002,,,,,,,
1795-06-01,13.293,,,,,,,
1795-07-01,14.295,,,,,,,
1795-08-01,13.14,,,,,,,
1795-09-01,11.133,,,,,,,
1795-10-01,7.7860000000000005,,,,,,,
1795-11-01,5.207000000000001,,,,,,,
1795-12-01,2.573,,,,,,,
1796-01-01,2.8440000000000003,,,,,,,
1796-02-01,2.736,,,,,,,
1796-03-01,3.477,,,,,,,
1796-04-01,7.773,,,,,,,
1796-05-01,11.273,,,,,,,
1796-06-01,14.216,,,,,,,
1796-07-01,14.314,,,,,,,
1796-08-01,14.722000000000001,,,,,,,
1796-09-01,12.012,,,,,,,
1796-10-01,8.924,,,,,,,
1796-11-01,5.702000000000001,,,,,,,
1796-12-01,1.2590000000000001,,,,,,,
1797-01-01,4.396,,,,,,,
1797-02-01,4.957,,,,,,,
1797-03-01,4.056,,,,,,,
1797-04-01,6.6,,,,,,,
1797-05-01,10.417,,,,,,,
1797-06-01,13.852,,,,,,,
1797-07-01,14.107000000000001,,,,,,,
1797-08-01,14.04,,,,,,,
1797-09-01,12.459000000000001,,,,,,,
1797-10-01,9.191,,,,,,,
1797-11-01,4.777,,,,,,,
1797-12-01,3.275,,,,,,,
1798-01-01,2.6790000000000003,,,,,,,
1798-02-01,3.213,,,,,,,
1798-03-01,7.007999999999999,,,,,,,
1798-04-01,8.083,,,,,,,
1798-05-01,11.768999999999998,,,,,,,
1798-06-01,13.246,,,,,,,
1798-07-01,14.950999999999999,,,,,,,
1798-08-01,14.754000000000001,,,,,,,
1798-09-01,11.627,,,,,,,
1798-10-01,8.655,,,,,,,
1798-11-01,6.031000000000001,,,,,,,
1798-12-01,2.027,,,,,,,
1799-01-01,1.923,,,,,,,
1799-02-01,2.0780000000000003,,,,,,,
1799-03-01,3.986,,,,,,,
1799-04-01,8.786,,,,,,,
1799-05-01,11.353,,,,,,,
1799-06-01,13.68,,,,,,,
1799-07-01,14.869000000000002,,,,,,,
1799-08-01,14.085999999999999,,,,,,,
1799-09-01,12.311,,,,,,,
1799-10-01,9.606,,,,,,,
1799-11-01,5.904,,,,,,,
1799-12-01,3.487,,,,,,,
1800-01-01,2.815,,,,,,,
1800-02-01,3.634,,,,,,,
1800-03-01,4.452,,,,,,,
1800-04-01,9.125,,,,,,,
1800-05-01,11.097000000000001,,,,,,,
1800-06-01,13.606,,,,,,,
1800-07-01,13.763,,,,,,,
1800-08-01,13.619000000000002,,,,,,,
1800-09-01,10.795,,,,,,,
1800-10-01,9.469,,,,,,,
1800-11-01,5.572,,,,,,,
1800-12-01,3.864,,,,,,,
1801-01-01,2.6870000000000003,,,,,,,
1801-02-01,3.1489999999999996,,,,,,,
1801-03-01,6.455,,,,,,,
1801-04-01,7.404,,,,,,,
1801-05-01,12.123,,,,,,,
1801-06-01,12.536,,,,,,,
1801-07-01,14.675999999999998,,,,,,,
1801-08-01,13.187000000000001,,,,,,,
1801-09-01,11.462,,,,,,,
1801-10-01,9.099,,,,,,,
1801-11-01,5.72,,,,,,,
1801-12-01,4.5779999999999985,,,,,,,
1802-01-01,3.74,,,,,,,
1802-02-01,2.8280000000000003,,,,,,,
1802-03-01,5.2010000000000005,,,,,,,
1802-04-01,7.622999999999998,,,,,,,
1802-05-01,10.457,,,,,,,
1802-06-01,14.470999999999998,,,,,,,
1802-07-01,14.628,,,,,,,
1802-08-01,14.039000000000001,,,,,,,
1802-09-01,11.787999999999998,,,,,,,
1802-10-01,9.747,,,,,,,
1802-11-01,5.535,,,,,,,
1802-12-01,2.8810000000000002,,,,,,,
1803-01-01,0.6019999999999999,,,,,,,
1803-02-01,1.443,,,,,,,
1803-03-01,4.875,,,,,,,
1803-04-01,9.291,,,,,,,
1803-05-01,11.795,,,,,,,
1803-06-01,13.821,,,,,,,
1803-07-01,15.106,,,,,,,
1803-08-01,15.366,,,,,,,
1803-09-01,12.33,,,,,,,
1803-10-01,9.119,,,,,,,
1803-11-01,5.961,,,,,,,
1803-12-01,2.327,,,,,,,
1804-01-01,2.4450000000000003,,,,,,,
1804-02-01,1.939,,,,,,,
1804-03-01,4.425,,,,,,,
1804-04-01,10.057,,,,,,,
1804-05-01,12.107000000000001,,,,,,,
1804-06-01,13.774000000000001,,,,,,,
1804-07-01,15.774,,,,,,,
1804-08-01,14.511,,,,,,,
1804-09-01,12.468,,,,,,,
1804-10-01,9.282,,,,,,,
1804-11-01,7.132000000000001,,,,,,,
1804-12-01,2.224,,,,,,,
1805-01-01,2.822,,,,,,,
1805-02-01,2.557,,,,,,,
1805-03-01,5.76,,,,,,,
1805-04-01,8.123,,,,,,,
1805-05-01,11.104000000000001,,,,,,,
1805-06-01,14.027000000000001,,,,,,,
1805-07-01,14.702,,,,,,,
1805-08-01,15.27,,,,,,,
1805-09-01,12.039000000000001,,,,,,,
1805-10-01,7.635999999999999,,,,,,,
1805-11-01,4.555,,,,,,,
1805-12-01,4.158,,,,,,,
1806-01-01,2.9170000000000003,,,,,,,
1806-02-01,2.937,,,,,,,
1806-03-01,4.691,,,,,,,
1806-04-01,8.032,,,,,,,
1806-05-01,11.503,,,,,,,
1806-06-01,12.418,,,,,,,
1806-07-01,13.923,,,,,,,
1806-08-01,14.593,,,,,,,
1806-09-01,12.549000000000001,,,,,,,
1806-10-01,8.426,,,,,,,
1806-11-01,5.231,,,,,,,
1806-12-01,3.989,,,,,,,
1807-01-01,1.0550000000000002,,,,,,,
1807-02-01,4.093999999999999,,,,,,,
1807-03-01,4.788,,,,,,,
1807-04-01,6.970999999999999,,,,,,,
1807-05-01,9.331,,,,,,,
1807-06-01,13.293,,,,,,,
1807-07-01,14.138,,,,,,,
1807-08-01,13.799000000000001,,,,,,,
1807-09-01,12.614999999999998,,,,,,,
1807-10-01,8.857000000000001,,,,,,,
1807-11-01,6.015,,,,,,,
1807-12-01,4.4209999999999985,,,,,,,
1808-01-01,1.131,,,,,,,
1808-02-01,2.142,,,,,,,
1808-03-01,4.361000000000001,,,,,,,
1808-04-01,7.481999999999998,,,,,,,
1808-05-01,9.357000000000001,,,,,,,
1808-06-01,13.428999999999998,,,,,,,
1808-07-01,14.491,,,,,,,
1808-08-01,13.047,,,,,,,
1808-09-01,12.711,,,,,,,
1808-10-01,7.971999999999999,,,,,,,
1808-11-01,4.5120000000000005,,,,,,,
1808-12-01,0.887,,,,,,,
1809-01-01,0.20800000000000016,,,,,,,
1809-02-01,0.8559999999999999,,,,,,,
1809-03-01,3.425,,,,,,,
1809-04-01,7.832999999999998,,,,,,,
1809-05-01,9.243,,,,,,,
1809-06-01,12.998,,,,,,,
1809-07-01,12.655999999999999,,,,,,,
1809-08-01,12.905,,,,,,,
1809-09-01,10.967,,,,,,,
1809-10-01,8.65,,,,,,,
1809-11-01,3.099,,,,,,,
1809-12-01,2.077,,,,,,,
1810-01-01,0.8880000000000001,,,,,,,
1810-02-01,2.391,,,,,,,
1810-03-01,5.013999999999999,,,,,,,
1810-04-01,6.533,,,,,,,
1810-05-01,9.069,,,,,,,
1810-06-01,11.934000000000001,,,,,,,
1810-07-01,12.550999999999998,,,,,,,
1810-08-01,12.040999999999999,,,,,,,
1810-09-01,9.532,,,,,,,
1810-10-01,6.632000000000001,,,,,,,
1810-11-01,3.827,,,,,,,
1810-12-01,2.66,,,,,,,
1811-01-01,1.374,,,,,,,
1811-02-01,0.4500000000000002,,,,,,,
1811-03-01,3.701,,,,,,,
1811-04-01,6.3020000000000005,,,,,,,
1811-05-01,9.443,,,,,,,
1811-06-01,12.137,,,,,,,
1811-07-01,11.956,,,,,,,
1811-08-01,13.325999999999999,,,,,,,
1811-09-01,10.368,,,,,,,
1811-10-01,6.58,,,,,,,
1811-11-01,3.503,,,,,,,
1811-12-01,3.174,,,,,,,
1812-01-01,0.977,,,,,,,
1812-02-01,0.13100000000000026,,,,,,,
1812-03-01,2.044,,,,,,,
1812-04-01,6.949999999999998,,,,,,,
1812-05-01,9.579999999999998,,,,,,,
1812-06-01,12.005,,,,,,,
1812-07-01,14.355,,,,,,,
1812-08-01,15.017999999999999,,,,,,,
1812-09-01,10.185,,,,,,,
1812-10-01,7.593,,,,,,,
1812-11-01,4.369,,,,,,,
1812-12-01,1.348,,,,,,,
1813-01-01,-1.385,,,,,,,
1813-02-01,2.258,,,,,,,
1813-03-01,1.5959999999999999,,,,,,,
1813-04-01,8.181999999999999,,,,,,,
1813-05-01,11.367,,,,,,,
1813-06-01,13.242,,,,,,,
1813-07-01,14.520999999999999,,,,,,,
1813-08-01,13.097000000000001,,,,,,,
1813-09-01,12.339,,,,,,,
1813-10-01,8.666,,,,,,,
1813-11-01,6.825,,,,,,,
1813-12-01,2.171,,,,,,,
1814-01-01,1.5020000000000002,,,,,,,
1814-02-01,1.689,,,,,,,
1814-03-01,2.664,,,,,,,
1814-04-01,7.193,,,,,,,
1814-05-01,9.417,,,,,,,
1814-06-01,12.818,,,,,,,
1814-07-01,12.532,,,,,,,
1814-08-01,12.668,,,,,,,
1814-09-01,10.675999999999998,,,,,,,
1814-10-01,7.374,,,,,,,
1814-11-01,6.739,,,,,,,
1814-12-01,5.8290000000000015,,,,,,,
1815-01-01,2.051,,,,,,,
1815-02-01,2.273,,,,,,,
1815-03-01,3.663,,,,,,,
1815-04-01,6.587999999999999,,,,,,,
1815-05-01,9.845,,,,,,,
1815-06-01,11.162,,,,,,,
1815-07-01,14.394,,,,,,,
1815-08-01,13.209000000000001,,,,,,,
1815-09-01,11.151,,,,,,,
1815-10-01,7.1370000000000005,,,,,,,
1815-11-01,4.178,,,,,,,
1815-12-01,1.2209999999999996,,,,,,,
1816-01-01,2.737,,,,,,,
1816-02-01,0.6759999999999997,,,,,,,
1816-03-01,3.905,,,,,,,
1816-04-01,7.606,,,,,,,
1816-05-01,10.594000000000001,,,,,,,
1816-06-01,11.79,,,,,,,
1816-07-01,12.267000000000001,,,,,,,
1816-08-01,12.57,,,,,,,
1816-09-01,10.39,,,,,,,
1816-10-01,5.699,,,,,,,
1816-11-01,4.058,,,,,,,
1816-12-01,0.9580000000000002,,,,,,,
1817-01-01,1.54,,,,,,,
1817-02-01,3.6489999999999996,,,,,,,
1817-03-01,4.569,,,,,,,
1817-04-01,7.8889999999999985,,,,,,,
1817-05-01,9.476,,,,,,,
1817-06-01,11.287,,,,,,,
1817-07-01,12.072000000000001,,,,,,,
1817-08-01,13.402999999999999,,,,,,,
1817-09-01,8.812000000000001,,,,,,,
1817-10-01,6.2029999999999985,,,,,,,
1817-11-01,4.638,,,,,,,
1817-12-01,0.16999999999999993,,,,,,,
1818-01-01,1.2040000000000002,,,,,,,
1818-02-01,0.7549999999999999,,,,,,,
1818-03-01,5.565,,,,,,,
1818-04-01,9.901,,,,,,,
1818-05-01,11.247,,,,,,,
1818-06-01,13.825,,,,,,,
1818-07-01,13.51,,,,,,,
1818-08-01,13.165999999999999,,,,,,,
1818-09-01,10.578,,,,,,,
1818-10-01,6.654,,,,,,,
1818-11-01,5.035,,,,,,,
1818-12-01,2.507,,,,,,,
1819-01-01,1.0140000000000002,,,,,,,
1819-02-01,2.286,,,,,,,
1819-03-01,2.931,,,,,,,
1819-04-01,7.029,,,,,,,
1819-05-01,9.851,,,,,,,
1819-06-01,12.526,,,,,,,
1819-07-01,13.038,,,,,,,
1819-08-01,12.557,,,,,,,
1819-09-01,10.893999999999998,,,,,,,
1819-10-01,9.312000000000001,,,,,,,
1819-11-01,5.15,,,,,,,
1819-12-01,1.842,,,,,,,
1820-01-01,1.236,,,,,,,
1820-02-01,2.145,,,,,,,
1820-03-01,4.618,,,,,,,
1820-04-01,8.7,,,,,,,
1820-05-01,11.62,,,,,,,
1820-06-01,13.323,,,,,,,
1820-07-01,13.311,,,,,,,
1820-08-01,11.978,,,,,,,
1820-09-01,11.16,,,,,,,
1820-10-01,7.587999999999999,,,,,,,
1820-11-01,4.4430000000000005,,,,,,,
1820-12-01,1.273,,,,,,,
1821-01-01,2.9989999999999997,,,,,,,
1821-02-01,3.758,,,,,,,
1821-03-01,5.462000000000001,,,,,,,
1821-04-01,7.738999999999999,,,,,,,
1821-05-01,11.3,,,,,,,
1821-06-01,12.608,,,,,,,
1821-07-01,13.039000000000001,,,,,,,
1821-08-01,13.145,,,,,,,
1821-09-01,10.178,,,,,,,
1821-10-01,8.535,,,,,,,
1821-11-01,5.601,,,,,,,
1821-12-01,2.717,,,,,,,
1822-01-01,2.759,,,,,,,
1822-02-01,4.465,,,,,,,
1822-03-01,7.787000000000001,,,,,,,
1822-04-01,8.277999999999999,,,,,,,
1822-05-01,10.486,,,,,,,
1822-06-01,13.067,,,,,,,
1822-07-01,14.212,,,,,,,
1822-08-01,13.215,,,,,,,
1822-09-01,10.695,,,,,,,
1822-10-01,7.773999999999999,,,,,,,
1822-11-01,4.501,,,,,,,
1822-12-01,1.0210000000000004,,,,,,,
1823-01-01,1.758,,,,,,,
1823-02-01,1.966,,,,,,,
1823-03-01,5.0680000000000005,,,,,,,
1823-04-01,7.664999999999999,,,,,,,
1823-05-01,10.563,,,,,,,
1823-06-01,13.958,,,,,,,
1823-07-01,14.197,,,,,,,
1823-08-01,13.13,,,,,,,
1823-09-01,10.198,,,,,,,
1823-10-01,7.641999999999999,,,,,,,
1823-11-01,4.508,,,,,,,
1823-12-01,1.971,,,,,,,
1824-01-01,2.651,,,,,,,
1824-02-01,2.679,,,,,,,
1824-03-01,5.357,,,,,,,
1824-04-01,8.375,,,,,,,
1824-05-01,11.132,,,,,,,
1824-06-01,13.427,,,,,,,
1824-07-01,14.83,,,,,,,
1824-08-01,13.437000000000001,,,,,,,
1824-09-01,11.528,,,,,,,
1824-10-01,8.197000000000001,,,,,,,
1824-11-01,5.877000000000001,,,,,,,
1824-12-01,5.0760000000000005,,,,,,,
1825-01-01,3.213,,,,,,,
1825-02-01,3.092,,,,,,,
1825-03-01,5.365,,,,,,,
1825-04-01,8.988,,,,,,,
1825-05-01,10.751,,,,,,,
1825-06-01,13.765,,,,,,,
1825-07-01,14.007,,,,,,,
1825-08-01,13.269,,,,,,,
1825-09-01,11.148,,,,,,,
1825-10-01,7.978999999999999,,,,,,,
1825-11-01,6.058,,,,,,,
1825-12-01,3.037,,,,,,,
1826-01-01,1.893,,,,,,,
1826-02-01,1.533,,,,,,,
1826-03-01,4.888,,,,,,,
1826-04-01,8.402999999999999,,,,,,,
1826-05-01,11.803999999999998,,,,,,,
1826-06-01,13.02,,,,,,,
1826-07-01,14.482000000000001,,,,,,,
1826-08-01,13.109000000000002,,,,,,,
1826-09-01,11.178,,,,,,,
1826-10-01,8.459,,,,,,,
1826-11-01,6.6339999999999995,,,,,,,
1826-12-01,4.876,,,,,,,
1827-01-01,3.593,,,,,,,
1827-02-01,4.415,,,,,,,
1827-03-01,6.141,,,,,,,
1827-04-01,9.428999999999998,,,,,,,
1827-05-01,11.807,,,,,,,
1827-06-01,13.548,,,,,,,
1827-07-01,14.684000000000001,,,,,,,
1827-08-01,13.694,,,,,,,
1827-09-01,10.883,,,,,,,
1827-10-01,8.51,,,,,,,
1827-11-01,6.279,,,,,,,
1827-12-01,2.722,,,,,,,
1828-01-01,0.5950000000000002,,,,,,,
1828-02-01,1.8530000000000002,,,,,,,
1828-03-01,5.729,,,,,,,
1828-04-01,8.737,,,,,,,
1828-05-01,11.281,,,,,,,
1828-06-01,14.124,,,,,,,
1828-07-01,14.384,,,,,,,
1828-08-01,13.635,,,,,,,
1828-09-01,10.079999999999998,,,,,,,
1828-10-01,8.655999999999999,,,,,,,
1828-11-01,5.957000000000001,,,,,,,
1828-12-01,2.9530000000000003,,,,,,,
1829-01-01,2.032,,,,,,,
1829-02-01,1.715,,,,,,,
1829-03-01,5.061,,,,,,,
1829-04-01,7.814999999999999,,,,,,,
1829-05-01,11.336,,,,,,,
1829-06-01,12.86,,,,,,,
1829-07-01,14.225,,,,,,,
1829-08-01,13.399000000000001,,,,,,,
1829-09-01,10.598,,,,,,,
1829-10-01,8.806000000000001,,,,,,,
1829-11-01,5.003,,,,,,,
1829-12-01,2.452,,,,,,,
1830-01-01,2.9570000000000003,,,,,,,
1830-02-01,4.085,,,,,,,
1830-03-01,4.4540000000000015,,,,,,,
1830-04-01,8.841000000000001,,,,,,,
1830-05-01,10.202,,,,,,,
1830-06-01,12.827,,,,,,,
1830-07-01,14.942,,,,,,,
1830-08-01,13.386,,,,,,,
1830-09-01,10.54,,,,,,,
1830-10-01,7.9929999999999986,,,,,,,
1830-11-01,7.492999999999999,,,,,,,
1830-12-01,4.481,,,,,,,
1831-01-01,2.182,,,,,,,
1831-02-01,2.479,,,,,,,
1831-03-01,4.558,,,,,,,
1831-04-01,7.731,,,,,,,
1831-05-01,10.994000000000002,,,,,,,
1831-06-01,13.203,,,,,,,
1831-07-01,13.58,,,,,,,
1831-08-01,12.49,,,,,,,
1831-09-01,9.946,,,,,,,
1831-10-01,7.83,,,,,,,
1831-11-01,4.412,,,,,,,
1831-12-01,2.265,,,,,,,
1832-01-01,1.7169999999999999,,,,,,,
1832-02-01,1.833,,,,,,,
1832-03-01,4.65,,,,,,,
1832-04-01,8.059,,,,,,,
1832-05-01,10.489,,,,,,,
1832-06-01,12.857000000000001,,,,,,,
1832-07-01,13.727,,,,,,,
1832-08-01,11.966,,,,,,,
1832-09-01,10.425999999999998,,,,,,,
1832-10-01,8.634,,,,,,,
1832-11-01,4.2620000000000005,,,,,,,
1832-12-01,0.7819999999999996,,,,,,,
1833-01-01,2.006,,,,,,,
1833-02-01,2.815,,,,,,,
1833-03-01,4.521,,,,,,,
1833-04-01,7.869,,,,,,,
1833-05-01,10.581,,,,,,,
1833-06-01,13.049000000000001,,,,,,,
1833-07-01,13.802999999999999,,,,,,,
1833-08-01,13.222000000000001,,,,,,,
1833-09-01,11.236,,,,,,,
1833-10-01,7.899999999999999,,,,,,,
1833-11-01,6.596,,,,,,,
1833-12-01,2.5580000000000003,,,,,,,
1834-01-01,0.3340000000000001,,,,,,,
1834-02-01,2.329,,,,,,,
1834-03-01,5.736000000000001,,,,,,,
1834-04-01,8.084999999999999,,,,,,,
1834-05-01,11.234000000000002,,,,,,,
1834-06-01,12.799000000000001,,,,,,,
1834-07-01,14.197,,,,,,,
1834-08-01,13.412,,,,,,,
1834-09-01,11.571,,,,,,,
1834-10-01,8.616999999999999,,,,,,,
1834-11-01,6.355,,,,,,,
1834-12-01,3.092,,,,,,,
1835-01-01,2.551,,,,,,,
1835-02-01,2.967,,,,,,,
1835-03-01,4.507,,,,,,,
1835-04-01,7.768999999999999,,,,,,,
1835-05-01,10.171,,,,,,,
1835-06-01,12.007,,,,,,,
1835-07-01,13.129000000000001,,,,,,,
1835-08-01,12.322000000000001,,,,,,,
1835-09-01,9.942,,,,,,,
1835-10-01,7.834999999999999,,,,,,,
1835-11-01,4.312,,,,,,,
1835-12-01,1.198,,,,,,,
1836-01-01,1.67,,,,,,,
1836-02-01,2.371,,,,,,,
1836-03-01,5.4479999999999995,,,,,,,
1836-04-01,7.314999999999999,,,,,,,
1836-05-01,10.279000000000002,,,,,,,
1836-06-01,12.549000000000001,,,,,,,
1836-07-01,13.645999999999999,,,,,,,
1836-08-01,12.83,,,,,,,
1836-09-01,10.812000000000001,,,,,,,
1836-10-01,8.756,,,,,,,
1836-11-01,3.8139999999999996,,,,,,,
1836-12-01,2.86,,,,,,,
1837-01-01,1.94,,,,,,,
1837-02-01,2.619,,,,,,,
1837-03-01,3.865,,,,,,,
1837-04-01,6.555999999999999,,,,,,,
1837-05-01,9.973,,,,,,,
1837-06-01,12.099,,,,,,,
1837-07-01,13.526,,,,,,,
1837-08-01,13.017999999999999,,,,,,,
1837-09-01,10.805,,,,,,,
1837-10-01,7.653,,,,,,,
1837-11-01,4.1690000000000005,,,,,,,
1837-12-01,2.285,,,,,,,
1838-01-01,-0.557,,,,,,,
1838-02-01,1.5630000000000002,,,,,,,
1838-03-01,3.7230000000000003,,,,,,,
1838-04-01,7.382999999999999,,,,,,,
1838-05-01,9.985,,,,,,,
1838-06-01,12.742,,,,,,,
1838-07-01,14.367,,,,,,,
1838-08-01,13.568,,,,,,,
1838-09-01,11.106,,,,,,,
1838-10-01,8.526,,,,,,,
1838-11-01,5.16,,,,,,,
1838-12-01,2.613,,,,,,,
1839-01-01,2.156,,,,,,,
1839-02-01,3.4819999999999998,,,,,,,
1839-03-01,2.673,,,,,,,
1839-04-01,7.891999999999999,,,,,,,
1839-05-01,10.289000000000001,,,,,,,
1839-06-01,12.548,,,,,,,
1839-07-01,14.411,,,,,,,
1839-08-01,14.07,,,,,,,
1839-09-01,10.853,,,,,,,
1839-10-01,8.219,,,,,,,
1839-11-01,3.92,,,,,,,
1839-12-01,1.0739999999999998,,,,,,,
1840-01-01,2.5610000000000004,,,,,,,
1840-02-01,2.1020000000000003,,,,,,,
1840-03-01,4.04,,,,,,,
1840-04-01,7.943,,,,,,,
1840-05-01,11.173,,,,,,,
1840-06-01,13.411,,,,,,,
1840-07-01,14.714,,,,,,,
1840-08-01,13.085999999999999,,,,,,,
1840-09-01,11.01,,,,,,,
1840-10-01,7.505,,,,,,,
1840-11-01,4.101,,,,,,,
1840-12-01,1.909,,,,,,,
1841-01-01,0.6490000000000002,,,,,,,
1841-02-01,2.468,,,,,,,
1841-03-01,3.307,,,,,,,
1841-04-01,6.77,,,,,,,
1841-05-01,10.764000000000001,,,,,,,
1841-06-01,13.062000000000001,,,,,,,
1841-07-01,14.552,,,,,,,
1841-08-01,13.708,,,,,,,
1841-09-01,10.921,,,,,,,
1841-10-01,8.764999999999999,,,,,,,
1841-11-01,4.744,,,,,,,
1841-12-01,2.548,,,,,,,
1842-01-01,1.636,,,,,,,
1842-02-01,2.787,,,,,,,
1842-03-01,5.75,,,,,,,
1842-04-01,8.309999999999999,,,,,,,
1842-05-01,10.535,,,,,,,
1842-06-01,12.629000000000001,,,,,,,
1842-07-01,13.584000000000001,,,,,,,
1842-08-01,13.241,,,,,,,
1842-09-01,10.94,,,,,,,
1842-10-01,8.307,,,,,,,
1842-11-01,4.824,,,,,,,
1842-12-01,3.73,,,,,,,
1843-01-01,2.9739999999999998,,,,,,,
1843-02-01,3.92,,,,,,,
1843-03-01,4.744,,,,,,,
1843-04-01,7.829999999999999,,,,,,,
1843-05-01,10.04,,,,,,,
1843-06-01,12.53,,,,,,,
1843-07-01,13.991,,,,,,,
1843-08-01,13.295,,,,,,,
1843-09-01,11.326,,,,,,,
1843-10-01,8.722000000000001,,,,,,,
1843-11-01,4.947,,,,,,,
1843-12-01,3.765,,,,,,,
1844-01-01,1.868,,,,,,,
1844-02-01,2.0380000000000003,,,,,,,
1844-03-01,4.734,,,,,,,
1844-04-01,7.3889999999999985,,,,,,,
1844-05-01,10.109,,,,,,,
1844-06-01,12.84,,,,,,,
1844-07-01,13.921,,,,,,,
1844-08-01,13.046,,,,,,,
1844-09-01,10.819,,,,,,,
1844-10-01,8.7,,,,,,,
1844-11-01,4.401,,,,,,,
1844-12-01,1.891,,,,,,,
1845-01-01,2.661,,,,,,,
1845-02-01,1.6269999999999998,,,,,,,
1845-03-01,4.651,,,,,,,
1845-04-01,8.158,,,,,,,
1845-05-01,10.433,,,,,,,
1845-06-01,12.863,,,,,,,
1845-07-01,14.319,,,,,,,
1845-08-01,13.556,,,,,,,
1845-09-01,11.234000000000002,,,,,,,
1845-10-01,7.781999999999999,,,,,,,
1845-11-01,5.194,,,,,,,
1845-12-01,1.7359999999999998,,,,,,,
1846-01-01,3.213,,,,,,,
1846-02-01,3.3760000000000003,,,,,,,
1846-03-01,6.314,,,,,,,
1846-04-01,7.472999999999999,,,,,,,
1846-05-01,10.896,,,,,,,
1846-06-01,13.53,,,,,,,
1846-07-01,14.923,,,,,,,
1846-08-01,14.120999999999999,,,,,,,
1846-09-01,11.738,,,,,,,
1846-10-01,8.229,,,,,,,
1846-11-01,5.0440000000000005,,,,,,,
1846-12-01,3.7760000000000002,,,,,,,
1847-01-01,2.753,,,,,,,
1847-02-01,3.602,,,,,,,
1847-03-01,4.046,,,,,,,
1847-04-01,7.979999999999999,,,,,,,
1847-05-01,10.622,,,,,,,
1847-06-01,12.828,,,,,,,
1847-07-01,14.25,,,,,,,
1847-08-01,13.414000000000001,,,,,,,
1847-09-01,11.619000000000002,,,,,,,
1847-10-01,8.618,,,,,,,
1847-11-01,5.574,,,,,,,
1847-12-01,1.7259999999999998,,,,,,,
1848-01-01,0.5100000000000002,,,,,,,
1848-02-01,3.7260000000000004,,,,,,,
1848-03-01,4.806,,,,,,,
1848-04-01,8.11,,,,,,,
1848-05-01,10.579999999999998,,,,,,,
1848-06-01,13.247,,,,,,,
1848-07-01,14.466,,,,,,,
1848-08-01,13.267999999999999,,,,,,,
1848-09-01,10.997,,,,,,,
1848-10-01,8.655,,,,,,,
1848-11-01,5.29,,,,,,,
1848-12-01,2.099,,,,,,,
1849-01-01,1.9409999999999998,,,,,,,
1849-02-01,2.638,,,,,,,
1849-03-01,5.3020000000000005,,,,,,,
1849-04-01,7.028,,,,,,,
1849-05-01,10.159,,,,,,,
1849-06-01,13,,,,,,,
1849-07-01,14.458,,,,,,,
1849-08-01,13.603,,,,,,,
1849-09-01,11.093,,,,,,,
1849-10-01,8.889999999999997,,,,,,,
1849-11-01,5.7780000000000005,,,,,,,
1849-12-01,1.923,,,,,,,
1850-01-01,0.7490000000000001,,,,,,,
1850-02-01,3.071,,,,,,,
1850-03-01,4.954,,,,,,,
1850-04-01,7.2170000000000005,,,,,,,
1850-05-01,10.004,,,,,,,
1850-06-01,13.15,,,,,,,
1850-07-01,14.492,,,,,,,
1850-08-01,14.039000000000001,,,,,,,
1850-09-01,11.505,,,,,,,
1850-10-01,8.091000000000001,,,,,,,
1850-11-01,4.7330000000000005,,,,,,,
1850-12-01,2.803,,,,,,,
1851-01-01,2.431,,,,,,,
1851-02-01,2.508,,,,,,,
1851-03-01,4.192,,,,,,,
1851-04-01,7.286999999999999,,,,,,,
1851-05-01,11.113,,,,,,,
1851-06-01,13.418,,,,,,,
1851-07-01,14.530999999999999,,,,,,,
1851-08-01,13.751,,,,,,,
1851-09-01,11.677,,,,,,,
1851-10-01,9.122,,,,,,,
1851-11-01,4.973,,,,,,,
1851-12-01,3.14,,,,,,,
1852-01-01,2.3760000000000003,,,,,,,
1852-02-01,2.54,,,,,,,
1852-03-01,3.884,,,,,,,
1852-04-01,7.486999999999999,,,,,,,
1852-05-01,11.169,,,,,,,
1852-06-01,13.164000000000001,,,,,,,
1852-07-01,14.512,,,,,,,
1852-08-01,13.304,,,,,,,
1852-09-01,11.478,,,,,,,
1852-10-01,8.91,,,,,,,
1852-11-01,4.593,,,,,,,
1852-12-01,3.785,,,,,,,
1853-01-01,1.786,,,,,,,
1853-02-01,2.228,,,,,,,
1853-03-01,4.078,,,,,,,
1853-04-01,7.540999999999999,,,,,,,
1853-05-01,10.975,,,,,,,
1853-06-01,13.41,,,,,,,
1853-07-01,14.645,,,,,,,
1853-08-01,13.953,,,,,,,
1853-09-01,11.71,,,,,,,
1853-10-01,8.535,,,,,,,
1853-11-01,4.783,,,,,,,
1853-12-01,2.858,,,,,,,
1854-01-01,1.281,,,,,,,
1854-02-01,1.941,,,,,,,
1854-03-01,4.698,,,,,,,
1854-04-01,7.622000000000001,,,,,,,
1854-05-01,11.095,,,,,,,
1854-06-01,12.829,,,,,,,
1854-07-01,14.692,,,,,,,
1854-08-01,13.889000000000001,,,,,,,
1854-09-01,11.514000000000001,,,,,,,
1854-10-01,9.763,,,,,,,
1854-11-01,5.745,,,,,,,
1854-12-01,3.457,,,,,,,
1855-01-01,2.522,,,,,,,
1855-02-01,2.982,,,,,,,
1855-03-01,4.617,,,,,,,
1855-04-01,8.58,,,,,,,
1855-05-01,11.186,,,,,,,
1855-06-01,12.984000000000002,,,,,,,
1855-07-01,13.925999999999998,,,,,,,
1855-08-01,13.547,,,,,,,
1855-09-01,11.140999999999998,,,,,,,
1855-10-01,8.443999999999999,,,,,,,
1855-11-01,5.186,,,,,,,
1855-12-01,2.214,,,,,,,
1856-01-01,2.76,,,,,,,
1856-02-01,2.226,,,,,,,
1856-03-01,4.372,,,,,,,
1856-04-01,7.750999999999999,,,,,,,
1856-05-01,10.53,,,,,,,
1856-06-01,13.496,,,,,,,
1856-07-01,14.019,,,,,,,
1856-08-01,13.020999999999999,,,,,,,
1856-09-01,10.948,,,,,,,
1856-10-01,8.087,,,,,,,
1856-11-01,5.36,,,,,,,
1856-12-01,3.3810000000000002,,,,,,,
1857-01-01,1.821,,,,,,,
1857-02-01,2.481,,,,,,,
1857-03-01,4.312,,,,,,,
1857-04-01,6.826999999999999,,,,,,,
1857-05-01,9.885,,,,,,,
1857-06-01,12.611,,,,,,,
1857-07-01,13.953,,,,,,,
1857-08-01,13.203,,,,,,,
1857-09-01,11.056,,,,,,,
1857-10-01,8.198,,,,,,,
1857-11-01,5.236000000000001,,,,,,,
1857-12-01,3.515,,,,,,,
1858-01-01,2.739,,,,,,,
1858-02-01,2.2840000000000003,,,,,,,
1858-03-01,4.834,,,,,,,
1858-04-01,8.25,,,,,,,
1858-05-01,10.851,,,,,,,
1858-06-01,12.956,,,,,,,
1858-07-01,13.677,,,,,,,
1858-08-01,13.22,,,,,,,
1858-09-01,11.148,,,,,,,
1858-10-01,8.809999999999997,,,,,,,
1858-11-01,5.99,,,,,,,
1858-12-01,2.444,,,,,,,
1859-01-01,2.015,,,,,,,
1859-02-01,2.611,,,,,,,
1859-03-01,5.023,,,,,,,
1859-04-01,8.542,,,,,,,
1859-05-01,11.456,,,,,,,
1859-06-01,13.142000000000001,,,,,,,
1859-07-01,13.827,,,,,,,
1859-08-01,13.217,,,,,,,
1859-09-01,11.079999999999998,,,,,,,
1859-10-01,8.834,,,,,,,
1859-11-01,5.912000000000001,,,,,,,
1859-12-01,3.365,,,,,,,
1860-01-01,2.077,,,,,,,
1860-02-01,2.6319999999999997,,,,,,,
1860-03-01,3.4939999999999998,,,,,,,
1860-04-01,7.76,,,,,,,
1860-05-01,11.062000000000001,,,,,,,
1860-06-01,13.271999999999998,,,,,,,
1860-07-01,14.203,,,,,,,
1860-08-01,13.765,,,,,,,
1860-09-01,11.892000000000001,,,,,,,
1860-10-01,8.712,,,,,,,
1860-11-01,5.027,,,,,,,
1860-12-01,1.6340000000000001,,,,,,,
1861-01-01,0.4040000000000004,,,,,,,
1861-02-01,2.137,,,,,,,
1861-03-01,4.489,,,,,,,
1861-04-01,7.486999999999999,,,,,,,
1861-05-01,10.515999999999998,,,,,,,
1861-06-01,13.017000000000001,,,,,,,
1861-07-01,13.967,,,,,,,
1861-08-01,13.655999999999999,,,,,,,
1861-09-01,11.409,,,,,,,
1861-10-01,8.475,,,,,,,
1861-11-01,5.707000000000001,,,,,,,
1861-12-01,2.8939999999999997,,,,,,,
1862-01-01,0.685,,,,,,,
1862-02-01,1.769,,,,,,,
1862-03-01,4.485,,,,,,,
1862-04-01,7.322999999999999,,,,,,,
1862-05-01,10.739,,,,,,,
1862-06-01,12.86,,,,,,,
1862-07-01,13.927999999999999,,,,,,,
1862-08-01,13.187999999999999,,,,,,,
1862-09-01,11.028,,,,,,,
1862-10-01,8.283,,,,,,,
1862-11-01,4.792,,,,,,,
1862-12-01,1.6230000000000002,,,,,,,
1863-01-01,3.0340000000000003,,,,,,,
1863-02-01,3.253,,,,,,,
1863-03-01,4.6819999999999995,,,,,,,
1863-04-01,7.930999999999999,,,,,,,
1863-05-01,11.081,,,,,,,
1863-06-01,12.794,,,,,,,
1863-07-01,13.765,,,,,,,
1863-08-01,13.294,,,,,,,
1863-09-01,11.23,,,,,,,
1863-10-01,8.235,,,,,,,
1863-11-01,5.392,,,,,,,
1863-12-01,2.6510000000000002,,,,,,,
1864-01-01,1.551,,,,,,,
1864-02-01,2.506,,,,,,,
1864-03-01,4.651,,,,,,,
1864-04-01,7.515,,,,,,,
1864-05-01,10.956,,,,,,,
1864-06-01,13.365,,,,,,,
1864-07-01,14.162,,,,,,,
1864-08-01,13.434000000000001,,,,,,,
1864-09-01,11.37,,,,,,,
1864-10-01,8.795,,,,,,,
1864-11-01,5.232,,,,,,,
1864-12-01,2.266,,,,,,,
1865-01-01,2.975,,,,,,,
1865-02-01,2.1519999999999997,,,,,,,
1865-03-01,4.039,,,,,,,
1865-04-01,7.313999999999999,,,,,,,
1865-05-01,10.917,,,,,,,
1865-06-01,13.214,,,,,,,
1865-07-01,14.22,,,,,,,
1865-08-01,13.58,,,,,,,
1865-09-01,11.797,,,,,,,
1865-10-01,9.136000000000001,,,,,,,
1865-11-01,6.144,,,,,,,
1865-12-01,2.6460000000000004,,,,,,,
1866-01-01,2.932,,,,,,,
1866-02-01,2.274,,,,,,,
1866-03-01,4.421,,,,,,,
1866-04-01,7.914,,,,,,,
1866-05-01,10.898,,,,,,,
1866-06-01,12.853,,,,,,,
1866-07-01,14.602,,,,,,,
1866-08-01,13.532,,,,,,,
1866-09-01,11.527000000000001,,,,,,,
1866-10-01,8.506,,,,,,,
1866-11-01,5.8950000000000005,,,,,,,
1866-12-01,4.152,,,,,,,
1867-01-01,2.4819999999999998,,,,,,,
1867-02-01,2.664,,,,,,,
1867-03-01,4.4540000000000015,,,,,,,
1867-04-01,8.258,,,,,,,
1867-05-01,10.495,,,,,,,
1867-06-01,13.303,,,,,,,
1867-07-01,14.222999999999999,,,,,,,
1867-08-01,13.505999999999998,,,,,,,
1867-09-01,11.763,,,,,,,
1867-10-01,9.212,,,,,,,
1867-11-01,6.939,,,,,,,
1867-12-01,3.937,,,,,,,
1868-01-01,1.834,,,,,,,
1868-02-01,2.039,,,,,,,
1868-03-01,4.538,,,,,,,
1868-04-01,8.183,,,,,,,
1868-05-01,11.308,,,,,,,
1868-06-01,13.162,,,,,,,
1868-07-01,14.514000000000001,,,,,,,
1868-08-01,13.744000000000002,,,,,,,
1868-09-01,11.669,,,,,,,
1868-10-01,9.448,,,,,,,
1868-11-01,5.192,,,,,,,
1868-12-01,3.344,,,,,,,
1869-01-01,2.115,,,,,,,
1869-02-01,3.864,,,,,,,
1869-03-01,4.3740000000000006,,,,,,,
1869-04-01,7.9209999999999985,,,,,,,
1869-05-01,11.295,,,,,,,
1869-06-01,13.537,,,,,,,
1869-07-01,14.337,,,,,,,
1869-08-01,14.01,,,,,,,
1869-09-01,12.247,,,,,,,
1869-10-01,9.006,,,,,,,
1869-11-01,5.773,,,,,,,
1869-12-01,2.7060000000000004,,,,,,,
1870-01-01,2.082,,,,,,,
1870-02-01,2.1340000000000003,,,,,,,
1870-03-01,4.656000000000001,,,,,,,
1870-04-01,7.879,,,,,,,
1870-05-01,11.339,,,,,,,
1870-06-01,13.653,,,,,,,
1870-07-01,14.599,,,,,,,
1870-08-01,13.484000000000002,,,,,,,
1870-09-01,11.952,,,,,,,
1870-10-01,8.809999999999997,,,,,,,
1870-11-01,5.6,,,,,,,
1870-12-01,2.228,,,,,,,
1871-01-01,1.4469999999999998,,,,,,,
1871-02-01,1.736,,,,,,,
1871-03-01,4.6850000000000005,,,,,,,
1871-04-01,8.34,,,,,,,
1871-05-01,10.787999999999998,,,,,,,
1871-06-01,13.08,,,,,,,
1871-07-01,14.29,,,,,,,
1871-08-01,13.932,,,,,,,
1871-09-01,11.711,,,,,,,
1871-10-01,9.096,,,,,,,
1871-11-01,5.113,,,,,,,
1871-12-01,3.1630000000000003,,,,,,,
1872-01-01,1.652,,,,,,,
1872-02-01,2.35,,,,,,,
1872-03-01,4.922,,,,,,,
1872-04-01,7.845999999999999,,,,,,,
1872-05-01,11.198,,,,,,,
1872-06-01,13.055,,,,,,,
1872-07-01,14.285,,,,,,,
1872-08-01,13.821,,,,,,,
1872-09-01,11.957999999999998,,,,,,,
1872-10-01,9.24,,,,,,,
1872-11-01,5.372000000000001,,,,,,,
1872-12-01,2.627,,,,,,,
1873-01-01,2.013,,,,,,,
1873-02-01,3.195,,,,,,,
1873-03-01,4.704,,,,,,,
1873-04-01,7.462000000000001,,,,,,,
1873-05-01,11.005999999999998,,,,,,,
1873-06-01,13.405,,,,,,,
1873-07-01,14.287,,,,,,,
1873-08-01,13.755,,,,,,,
1873-09-01,11.486999999999998,,,,,,,
1873-10-01,9.234,,,,,,,
1873-11-01,5.819,,,,,,,
1873-12-01,3.846,,,,,,,
1874-01-01,2.685,,,,,,,
1874-02-01,3.069,,,,,,,
1874-03-01,4.221,,,,,,,
1874-04-01,8.231,,,,,,,
1874-05-01,11.306,,,,,,,
1874-06-01,13.306,,,,,,,
1874-07-01,14.122,,,,,,,
1874-08-01,13.815,,,,,,,
1874-09-01,12.111,,,,,,,
1874-10-01,9.12,,,,,,,
1874-11-01,5.809,,,,,,,
1874-12-01,3.407,,,,,,,
1875-01-01,1.533,,,,,,,
1875-02-01,2.259,,,,,,,
1875-03-01,4.256,,,,,,,
1875-04-01,7.635999999999999,,,,,,,
1875-05-01,10.746,,,,,,,
1875-06-01,13.157,,,,,,,
1875-07-01,14.144,,,,,,,
1875-08-01,13.401,,,,,,,
1875-09-01,11.319,,,,,,,
1875-10-01,8.584999999999999,,,,,,,
1875-11-01,4.614,,,,,,,
1875-12-01,2.665,,,,,,,
1876-01-01,1.856,,,,,,,
1876-02-01,2.617,,,,,,,
1876-03-01,4.748,,,,,,,
1876-04-01,8.199,,,,,,,
1876-05-01,10.69,,,,,,,
1876-06-01,13.130999999999998,,,,,,,
1876-07-01,14.319,,,,,,,
1876-08-01,13.481,,,,,,,
1876-09-01,11.687000000000001,,,,,,,
1876-10-01,8.946,,,,,,,
1876-11-01,5.093,,,,,,,
1876-12-01,2.194,,,,,,,
1877-01-01,2.286,,,,,,,
1877-02-01,2.928,,,,,,,
1877-03-01,5.297000000000001,,,,,,,
1877-04-01,8.039,,,,,,,
1877-05-01,11.056,,,,,,,
1877-06-01,13.384,,,,,,,
1877-07-01,14.642000000000001,,,,,,,
1877-08-01,14.151,,,,,,,
1877-09-01,12.075,,,,,,,
1877-10-01,9.273,,,,,,,
1877-11-01,6.348,,,,,,,
1877-12-01,2.9960000000000004,,,,,,,
1878-01-01,2.0170000000000003,,,,,,,
1878-02-01,3.728,,,,,,,
1878-03-01,6.6080000000000005,,,,,,,
1878-04-01,8.899,,,,,,,
1878-05-01,11.017000000000001,,,,,,,
1878-06-01,13.796,,,,,,,
1878-07-01,14.742,,,,,,,
1878-08-01,14.094000000000001,,,,,,,
1878-09-01,12.093,,,,,,,
1878-10-01,9.173,,,,,,,
1878-11-01,6.446000000000001,,,,,,,
1878-12-01,3.344,,,,,,,
1879-01-01,2.303,,,,,,,
1879-02-01,2.737,,,,,,,
1879-03-01,4.9239999999999995,,,,,,,
1879-04-01,7.767999999999999,,,,,,,
1879-05-01,10.803,,,,,,,
1879-06-01,13.23,,,,,,,
1879-07-01,14.238,,,,,,,
1879-08-01,13.245,,,,,,,
1879-09-01,11.449000000000002,,,,,,,
1879-10-01,9.229,,,,,,,
1879-11-01,5.526,,,,,,,
1879-12-01,2.5380000000000003,,,,,,,
1880-01-01,1.755,,,,,,,
1880-02-01,2.052,,,,,,,
1880-03-01,4.63,,,,,,,
1880-04-01,7.558999999999998,,,,,,,
1880-05-01,11.095999999999998,,,,,,,
1880-06-01,13.327,,,,,,,
1880-07-01,14.140999999999998,,,,,,,
1880-08-01,13.807,,,,,,,
1880-09-01,11.386,,,,,,,
1880-10-01,8.673,,,,,,,
1880-11-01,5.893,,,,,,,
1880-12-01,3.1060000000000003,,,,,,,
1881-01-01,2.4610000000000003,,,,,,,
1881-02-01,2.6260000000000003,,,,,,,
1881-03-01,5.01,,,,,,,
1881-04-01,8.322999999999999,,,,,,,
1881-05-01,11.165,,,,,,,
1881-06-01,12.745,,,,,,,
1881-07-01,14.203,,,,,,,
1881-08-01,13.71,,,,,,,
1881-09-01,11.689,,,,,,,
1881-10-01,8.850999999999997,,,,,,,
1881-11-01,5.272,,,,,,,
1881-12-01,3.196,,,,,,,
1882-01-01,2.99,,,,,,,
1882-02-01,3.2310000000000003,,,,,,,
1882-03-01,5.04,,,,,,,
1882-04-01,7.690999999999999,,,,,,,
1882-05-01,10.888,,,,,,,
1882-06-01,12.805,,,,,,,
1882-07-01,13.747,,,,,,,
1882-08-01,13.703,,,,,,,
1882-09-01,11.736,,,,,,,
1882-10-01,8.445,,,,,,,
1882-11-01,5.066,,,,,,,
1882-12-01,2.205,,,,,,,
1883-01-01,1.4600000000000002,,,,,,,
1883-02-01,1.856,,,,,,,
1883-03-01,4.928999999999999,,,,,,,
1883-04-01,7.690999999999999,,,,,,,
1883-05-01,10.832,,,,,,,
1883-06-01,13.302,,,,,,,
1883-07-01,14.011,,,,,,,
1883-08-01,13.224,,,,,,,
1883-09-01,11.343,,,,,,,
1883-10-01,8.908999999999997,,,,,,,
1883-11-01,4.905,,,,,,,
1883-12-01,3.261,,,,,,,
1884-01-01,2.12,,,,,,,
1884-02-01,2.474,,,,,,,
1884-03-01,3.892,,,,,,,
1884-04-01,7.185999999999999,,,,,,,
1884-05-01,10.198,,,,,,,
1884-06-01,12.527000000000001,,,,,,,
1884-07-01,13.622,,,,,,,
1884-08-01,13.257,,,,,,,
1884-09-01,11.235,,,,,,,
1884-10-01,8.581,,,,,,,
1884-11-01,5.164,,,,,,,
1884-12-01,3.028,,,,,,,
1885-01-01,1.003,,,,,,,
1885-02-01,2.2430000000000003,,,,,,,
1885-03-01,4.622,,,,,,,
1885-04-01,7.3359999999999985,,,,,,,
1885-05-01,10.567,,,,,,,
1885-06-01,12.716,,,,,,,
1885-07-01,13.972000000000001,,,,,,,
1885-08-01,13.351,,,,,,,
1885-09-01,11.435,,,,,,,
1885-10-01,8.722000000000001,,,,,,,
1885-11-01,5.425,,,,,,,
1885-12-01,3.6439999999999997,,,,,,,
1886-01-01,1.436,,,,,,,
1886-02-01,1.793,,,,,,,
1886-03-01,4.2620000000000005,,,,,,,
1886-04-01,7.909,,,,,,,
1886-05-01,10.784,,,,,,,
1886-06-01,12.789000000000001,,,,,,,
1886-07-01,14.225999999999999,,,,,,,
1886-08-01,13.323,,,,,,,
1886-09-01,11.6,,,,,,,
1886-10-01,8.604,,,,,,,
1886-11-01,5.226,,,,,,,
1886-12-01,3.502,,,,,,,
1887-01-01,0.8240000000000001,,,,,,,
1887-02-01,2.0540000000000003,,,,,,,
1887-03-01,4.552,,,,,,,
1887-04-01,7.789,,,,,,,
1887-05-01,10.84,,,,,,,
1887-06-01,12.89,,,,,,,
1887-07-01,14.020999999999999,,,,,,,
1887-08-01,13.097000000000001,,,,,,,
1887-09-01,11.707,,,,,,,
1887-10-01,8.738,,,,,,,
1887-11-01,5.5920000000000005,,,,,,,
1887-12-01,2.875,,,,,,,
1888-01-01,1.7080000000000002,,,,,,,
1888-02-01,2.039,,,,,,,
1888-03-01,4.3,,,,,,,
1888-04-01,7.845,,,,,,,
1888-05-01,10.62,,,,,,,
1888-06-01,12.921,,,,,,,
1888-07-01,14.242,,,,,,,
1888-08-01,13.511,,,,,,,
1888-09-01,11.685,,,,,,,
1888-10-01,9.201,,,,,,,
1888-11-01,5.792000000000001,,,,,,,
1888-12-01,3.222,,,,,,,
1889-01-01,1.7619999999999998,,,,,,,
1889-02-01,3.409,,,,,,,
1889-03-01,5.2989999999999995,,,,,,,
1889-04-01,8.588999999999999,,,,,,,
1889-05-01,11.242,,,,,,,
1889-06-01,13.288,,,,,,,
1889-07-01,14.225,,,,,,,
1889-08-01,13.504000000000001,,,,,,,
1889-09-01,11.547,,,,,,,
1889-10-01,8.865,,,,,,,
1889-11-01,4.9990000000000006,,,,,,,
1889-12-01,3.099,,,,,,,
1890-01-01,1.8359999999999999,,,,,,,
1890-02-01,2.516,,,,,,,
1890-03-01,4.21,,,,,,,
1890-04-01,7.738999999999999,,,,,,,
1890-05-01,10.464,,,,,,,
1890-06-01,12.872,,,,,,,
1890-07-01,14.034,,,,,,,
1890-08-01,13.265999999999998,,,,,,,
1890-09-01,11.546,,,,,,,
1890-10-01,9.178,,,,,,,
1890-11-01,5.03,,,,,,,
1890-12-01,2.969,,,,,,,
1891-01-01,1.6780000000000002,,,,,,,
1891-02-01,1.88,,,,,,,
1891-03-01,4.755,,,,,,,
1891-04-01,7.6179999999999986,,,,,,,
1891-05-01,10.785,,,,,,,
1891-06-01,12.888,,,,,,,
1891-07-01,13.93,,,,,,,
1891-08-01,13.495999999999999,,,,,,,
1891-09-01,11.763,,,,,,,
1891-10-01,8.722000000000001,,,,,,,
1891-11-01,5.115,,,,,,,
1891-12-01,3.602,,,,,,,
1892-01-01,2.0180000000000002,,,,,,,
1892-02-01,2.805,,,,,,,
1892-03-01,4.362,,,,,,,
1892-04-01,7.5619999999999985,,,,,,,
1892-05-01,10.622,,,,,,,
1892-06-01,13.263,,,,,,,
1892-07-01,13.89,,,,,,,
1892-08-01,13.42,,,,,,,
1892-09-01,11.764000000000001,,,,,,,
1892-10-01,9.29,,,,,,,
1892-11-01,4.859,,,,,,,
1892-12-01,2.935,,,,,,,
1893-01-01,0.5,,,,,,,
1893-02-01,1.6540000000000001,,,,,,,
1893-03-01,4.979,,,,,,,
1893-04-01,7.994,,,,,,,
1893-05-01,10.747,,,,,,,
1893-06-01,13.050999999999998,,,,,,,
1893-07-01,14.318,,,,,,,
1893-08-01,13.454,,,,,,,
1893-09-01,11.767000000000001,,,,,,,
1893-10-01,9.16,,,,,,,
1893-11-01,5.902,,,,,,,
1893-12-01,3.155,,,,,,,
1894-01-01,1.6909999999999998,,,,,,,
1894-02-01,2.923,,,,,,,
1894-03-01,5.118,,,,,,,
1894-04-01,7.6629999999999985,,,,,,,
1894-05-01,10.944,,,,,,,
1894-06-01,12.858,,,,,,,
1894-07-01,14.004000000000001,,,,,,,
1894-08-01,13.488,,,,,,,
1894-09-01,11.579999999999998,,,,,,,
1894-10-01,9.125,,,,,,,
1894-11-01,5.405,,,,,,,
1894-12-01,3.133,,,,,,,
1895-01-01,1.2950000000000002,,,,,,,
1895-02-01,2,,,,,,,
1895-03-01,4.689,,,,,,,
1895-04-01,8.247,,,,,,,
1895-05-01,10.867,,,,,,,
1895-06-01,13.058,,,,,,,
1895-07-01,14.052999999999999,,,,,,,
1895-08-01,13.489,,,,,,,
1895-09-01,11.743,,,,,,,
1895-10-01,9.117,,,,,,,
1895-11-01,5.744,,,,,,,
1895-12-01,3.462,,,,,,,
1896-01-01,2.291,,,,,,,
1896-02-01,2.707,,,,,,,
1896-03-01,4.279,,,,,,,
1896-04-01,7.329999999999999,,,,,,,
1896-05-01,10.893,,,,,,,
1896-06-01,13.303999999999998,,,,,,,
1896-07-01,14.232999999999999,,,,,,,
1896-08-01,13.624,,,,,,,
1896-09-01,11.824000000000002,,,,,,,
1896-10-01,9.416,,,,,,,
1896-11-01,5.3660000000000005,,,,,,,
1896-12-01,3.312,,,,,,,
1897-01-01,1.893,,,,,,,
1897-02-01,2.4290000000000003,,,,,,,
1897-03-01,4.345,,,,,,,
1897-04-01,8.277999999999999,,,,,,,
1897-05-01,11.377,,,,,,,
1897-06-01,13.319,,,,,,,
1897-07-01,14.31,,,,,,,
1897-08-01,13.668,,,,,,,
1897-09-01,11.925,,,,,,,
1897-10-01,9.197000000000001,,,,,,,
1897-11-01,5.6080000000000005,,,,,,,
1897-12-01,3.1710000000000003,,,,,,,
1898-01-01,2.737,,,,,,,
1898-02-01,2.354,,,,,,,
1898-03-01,3.751,,,,,,,
1898-04-01,7.906999999999999,,,,,,,
1898-05-01,10.835,,,,,,,
1898-06-01,13.395,,,,,,,
1898-07-01,14.138,,,,,,,
1898-08-01,13.579,,,,,,,
1898-09-01,11.752999999999998,,,,,,,
1898-10-01,8.828,,,,,,,
1898-11-01,5.452000000000001,,,,,,,
1898-12-01,3.407,,,,,,,
1899-01-01,2.515,,,,,,,
1899-02-01,2.38,,,,,,,
1899-03-01,4.618,,,,,,,
1899-04-01,8.280999999999999,,,,,,,
1899-05-01,11.023,,,,,,,
1899-06-01,12.856,,,,,,,
1899-07-01,14.159,,,,,,,
1899-08-01,13.777000000000001,,,,,,,
1899-09-01,12.127999999999998,,,,,,,
1899-10-01,9.409,,,,,,,
1899-11-01,6.605,,,,,,,
1899-12-01,3.005,,,,,,,
1/1/00,1.4609999999999999,,,,,,,
2/1/00,3.0980000000000003,,,,,,,
3/1/00,5.492000000000001,,,,,,,
4/1/00,8.222999999999999,,,,,,,
5/1/00,11.385,,,,,,,
6/1/00,13.293,,,,,,,
7/1/00,14.171,,,,,,,
8/1/00,13.815999999999999,,,,,,,
9/1/00,11.955,,,,,,,
10/1/00,9.666,,,,,,,
11/1/00,5.803999999999999,,,,,,,
12/1/00,3.655,,,,,,,
1/1/01,2.1910000000000003,,,,,,,
2/1/01,3.092,,,,,,,
3/1/01,5.671,,,,,,,
4/1/01,8.522,,,,,,,
5/1/01,11.178,,,,,,,
6/1/01,13.423,,,,,,,
7/1/01,14.339,,,,,,,
8/1/01,13.789000000000001,,,,,,,
9/1/01,11.984000000000002,,,,,,,
10/1/01,9.003,,,,,,,
11/1/01,5.976,,,,,,,
12/1/01,3.335,,,,,,,
1/1/02,2.6839999999999997,,,,,,,
2/1/02,3.6060000000000003,,,,,,,
3/1/02,4.883,,,,,,,
4/1/02,7.955999999999999,,,,,,,
5/1/02,10.893,,,,,,,
6/1/02,13.214,,,,,,,
7/1/02,14.231,,,,,,,
8/1/02,13.599,,,,,,,
9/1/02,11.799000000000001,,,,,,,
10/1/02,8.801,,,,,,,
11/1/02,5.274,,,,,,,
12/1/02,2.713,,,,,,,
1/1/03,2.514,,,,,,,
2/1/03,3.555,,,,,,,
3/1/03,4.93,,,,,,,
4/1/03,7.831999999999999,,,,,,,
5/1/03,10.794,,,,,,,
6/1/03,12.886,,,,,,,
7/1/03,13.992,,,,,,,
8/1/03,13.412,,,,,,,
9/1/03,11.501,,,,,,,
10/1/03,8.812000000000001,,,,,,,
11/1/03,5.516,,,,,,,
12/1/03,2.898,,,,,,,
1/1/04,1.6369999999999998,,,,,,,
2/1/04,2.2969999999999997,,,,,,,
3/1/04,4.506,,,,,,,
4/1/04,7.683999999999998,,,,,,,
5/1/04,10.84,,,,,,,
6/1/04,13.014000000000001,,,,,,,
7/1/04,13.835999999999999,,,,,,,
8/1/04,13.459000000000001,,,,,,,
9/1/04,11.380999999999998,,,,,,,
10/1/04,8.833,,,,,,,
11/1/04,6.23,,,,,,,
12/1/04,3.374,,,,,,,
1/1/05,2.254,,,,,,,
2/1/05,1.927,,,,,,,
3/1/05,4.635,,,,,,,
4/1/05,7.754999999999999,,,,,,,
5/1/05,10.982000000000001,,,,,,,
6/1/05,13.112,,,,,,,
7/1/05,14.077,,,,,,,
8/1/05,13.578,,,,,,,
9/1/05,11.803999999999998,,,,,,,
10/1/05,9.041,,,,,,,
11/1/05,6.183,,,,,,,
12/1/05,3.3539999999999996,,,,,,,
1/1/06,2.068,,,,,,,
2/1/06,2.301,,,,,,,
3/1/06,4.8660000000000005,,,,,,,
4/1/06,8.626,,,,,,,
5/1/06,11.239999999999998,,,,,,,
6/1/06,13.334000000000001,,,,,,,
7/1/06,14.122,,,,,,,
8/1/06,13.690999999999999,,,,,,,
9/1/06,11.771999999999998,,,,,,,
10/1/06,9.267000000000001,,,,,,,
11/1/06,5.501,,,,,,,
12/1/06,3.761,,,,,,,
1/1/07,1.798,,,,,,,
2/1/07,2.117,,,,,,,
3/1/07,4.575,,,,,,,
4/1/07,7.579,,,,,,,
5/1/07,10.375,,,,,,,
6/1/07,12.729000000000001,,,,,,,
7/1/07,13.769,,,,,,,
8/1/07,13.362,,,,,,,
9/1/07,11.665,,,,,,,
10/1/07,9.234,,,,,,,
11/1/07,5.207000000000001,,,,,,,
12/1/07,2.9560000000000004,,,,,,,
1/1/08,2.3040000000000003,,,,,,,
2/1/08,2.7689999999999997,,,,,,,
3/1/08,4.136,,,,,,,
4/1/08,7.831999999999999,,,,,,,
5/1/08,11.140999999999998,,,,,,,
6/1/08,13.293,,,,,,,
7/1/08,14.197,,,,,,,
8/1/08,13.376,,,,,,,
9/1/08,11.977,,,,,,,
10/1/08,8.865,,,,,,,
11/1/08,5.272,,,,,,,
12/1/08,3.071,,,,,,,
1/1/09,1.395,,,,,,,
2/1/09,2.7060000000000004,,,,,,,
3/1/09,4.5889999999999995,,,,,,,
4/1/09,7.534,,,,,,,
5/1/09,10.611,,,,,,,
6/1/09,12.962,,,,,,,
7/1/09,14.06,,,,,,,
8/1/09,13.752,,,,,,,
9/1/09,11.879000000000001,,,,,,,
10/1/09,9.192,,,,,,,
11/1/09,6.236000000000001,,,,,,,
12/1/09,3.2230000000000003,,,,,,,
1/1/10,2.333,,,,,,,
2/1/10,2.779,,,,,,,
3/1/10,4.606,,,,,,,
4/1/10,8.104999999999999,,,,,,,
5/1/10,11.005,,,,,,,
6/1/10,13.151,,,,,,,
7/1/10,14.279000000000002,,,,,,,
8/1/10,13.677,,,,,,,
9/1/10,11.733,,,,,,,
10/1/10,9.006,,,,,,,
11/1/10,5.318,,,,,,,
12/1/10,2.6839999999999997,,,,,,,
1/1/11,1.66,,,,,,,
2/1/11,2.4530000000000003,,,,,,,
3/1/11,4.3469999999999995,,,,,,,
4/1/11,7.989999999999998,,,,,,,
5/1/11,10.829,,,,,,,
6/1/11,13.009,,,,,,,
7/1/11,14.082,,,,,,,
8/1/11,13.499,,,,,,,
9/1/11,11.638,,,,,,,
10/1/11,9.263,,,,,,,
11/1/11,5.9639999999999995,,,,,,,
12/1/11,3.39,,,,,,,
1/1/12,2.4019999999999997,,,,,,,
2/1/12,3.3539999999999996,,,,,,,
3/1/12,4.356,,,,,,,
4/1/12,8.229,,,,,,,
5/1/12,11.254000000000001,,,,,,,
6/1/12,13.435,,,,,,,
7/1/12,13.722999999999999,,,,,,,
8/1/12,13.052999999999999,,,,,,,
9/1/12,11.222000000000001,,,,,,,
10/1/12,8.366999999999999,,,,,,,
11/1/12,5.521,,,,,,,
12/1/12,3.069,,,,,,,
1/1/13,2.083,,,,,,,
2/1/13,2.376,,,,,,,
3/1/13,4.5169999999999995,,,,,,,
4/1/13,8.023,,,,,,,
5/1/13,10.745,,,,,,,
6/1/13,13.005,,,,,,,
7/1/13,14.137,,,,,,,
8/1/13,13.724,,,,,,,
9/1/13,11.759,,,,,,,
10/1/13,9.077,,,,,,,
11/1/13,6.024,,,,,,,
12/1/13,4.103,,,,,,,
1/1/14,3.3760000000000003,,,,,,,
2/1/14,3.2,,,,,,,
3/1/14,4.942,,,,,,,
4/1/14,8.097999999999999,,,,,,,
5/1/14,11.284999999999998,,,,,,,
6/1/14,13.496,,,,,,,
7/1/14,14.298,,,,,,,
8/1/14,13.73,,,,,,,
9/1/14,11.915,,,,,,,
10/1/14,9.387,,,,,,,
11/1/14,5.7589999999999995,,,,,,,
12/1/14,3.6,,,,,,,
1/1/15,2.299,,,,,,,
2/1/15,3.265,,,,,,,
3/1/15,5.143,,,,,,,
4/1/15,8.705,,,,,,,
5/1/15,11.493,,,,,,,
6/1/15,13.3,,,,,,,
7/1/15,14.443,,,,,,,
8/1/15,13.77,,,,,,,
9/1/15,11.867,,,,,,,
10/1/15,8.984,,,,,,,
11/1/15,6.216,,,,,,,
12/1/15,3.633,,,,,,,
1/1/16,2.616,,,,,,,
2/1/16,2.957,,,,,,,
3/1/16,4.846,,,,,,,
4/1/16,8.046999999999999,,,,,,,
5/1/16,10.972000000000001,,,,,,,
6/1/16,12.942,,,,,,,
7/1/16,14.052,,,,,,,
8/1/16,13.58,,,,,,,
9/1/16,11.726,,,,,,,
10/1/16,9.053,,,,,,,
11/1/16,5.596,,,,,,,
12/1/16,2.316,,,,,,,
1/1/17,2.133,,,,,,,
2/1/17,2.36,,,,,,,
3/1/17,4.488,,,,,,,
4/1/17,7.854999999999999,,,,,,,
5/1/17,10.443,,,,,,,
6/1/17,12.915,,,,,,,
7/1/17,14.259,,,,,,,
8/1/17,13.470999999999998,,,,,,,
9/1/17,11.745,,,,,,,
10/1/17,8.544,,,,,,,
11/1/17,5.82,,,,,,,
12/1/17,2.247,,,,,,,
1/1/18,1.934,,,,,,,
2/1/18,2.455,,,,,,,
3/1/18,4.811,,,,,,,
4/1/18,7.643999999999999,,,,,,,
5/1/18,10.54,,,,,,,
6/1/18,12.908,,,,,,,
7/1/18,14.002,,,,,,,
8/1/18,13.431,,,,,,,
9/1/18,11.880999999999998,,,,,,,
10/1/18,9.433,,,,,,,
11/1/18,5.683,,,,,,,
12/1/18,2.8480000000000003,,,,,,,
1/1/19,2.184,,,,,,,
2/1/19,2.852,,,,,,,
3/1/19,4.743,,,,,,,
4/1/19,8.487,,,,,,,
5/1/19,10.969000000000001,,,,,,,
6/1/19,13.228,,,,,,,
7/1/19,14.274,,,,,,,
8/1/19,13.786,,,,,,,
9/1/19,11.989999999999998,,,,,,,
10/1/19,9.361,,,,,,,
11/1/19,5.489,,,,,,,
12/1/19,3.224,,,,,,,
1/1/20,2.841,,,,,,,
2/1/20,2.755,,,,,,,
3/1/20,5.227,,,,,,,
4/1/20,8.293,,,,,,,
5/1/20,11.130999999999998,,,,,,,
6/1/20,13.105,,,,,,,
7/1/20,14.245,,,,,,,
8/1/20,13.698,,,,,,,
9/1/20,11.794,,,,,,,
10/1/20,9.021,,,,,,,
11/1/20,5.566,,,,,,,
12/1/20,2.6289999999999996,,,,,,,
1/1/21,2.98,,,,,,,
2/1/21,3.125,,,,,,,
3/1/21,5.081,,,,,,,
4/1/21,8.324,,,,,,,
5/1/21,11.245,,,,,,,
6/1/21,13.44,,,,,,,
7/1/21,14.436,,,,,,,
8/1/21,13.561,,,,,,,
9/1/21,11.869000000000002,,,,,,,
10/1/21,9.264,,,,,,,
11/1/21,5.864,,,,,,,
12/1/21,3.6630000000000003,,,,,,,
1/1/22,2.15,,,,,,,
2/1/22,2.376,,,,,,,
3/1/22,5.156000000000001,,,,,,,
4/1/22,8.379999999999999,,,,,,,
5/1/22,11.097000000000001,,,,,,,
6/1/22,13.331,,,,,,,
7/1/22,14.277999999999999,,,,,,,
8/1/22,13.584000000000001,,,,,,,
9/1/22,11.775,,,,,,,
10/1/22,9.056000000000001,,,,,,,
11/1/22,6.046,,,,,,,
12/1/22,3.667,,,,,,,
1/1/23,2.487,,,,,,,
2/1/23,2.563,,,,,,,
3/1/23,4.8660000000000005,,,,,,,
4/1/23,7.749,,,,,,,
5/1/23,10.848999999999998,,,,,,,
6/1/23,13.296,,,,,,,
7/1/23,13.984000000000002,,,,,,,
8/1/23,13.610999999999999,,,,,,,
9/1/23,11.883,,,,,,,
10/1/23,9.52,,,,,,,
11/1/23,6.377999999999999,,,,,,,
12/1/23,3.88,,,,,,,
1/1/24,2.339,,,,,,,
2/1/24,2.888,,,,,,,
3/1/24,5.352,,,,,,,
4/1/24,7.97,,,,,,,
5/1/24,11.188,,,,,,,
6/1/24,13.342,,,,,,,
7/1/24,14.304,,,,,,,
8/1/24,13.654000000000002,,,,,,,
9/1/24,11.957,,,,,,,
10/1/24,9.203,,,,,,,
11/1/24,6.4,,,,,,,
12/1/24,3.485,,,,,,,
1/1/25,2.268,,,,,,,
2/1/25,2.701,,,,,,,
3/1/25,5.126,,,,,,,
4/1/25,8.442,,,,,,,
5/1/25,11.039000000000001,,,,,,,
6/1/25,13.089,,,,,,,
7/1/25,14.065999999999999,,,,,,,
8/1/25,13.769,,,,,,,
9/1/25,11.979000000000001,,,,,,,
10/1/25,9.196,,,,,,,
11/1/25,6.34,,,,,,,
12/1/25,4.398,,,,,,,
1/1/26,3.4530000000000003,,,,,,,
2/1/26,3.717,,,,,,,
3/1/26,5.831,,,,,,,
4/1/26,8.193,,,,,,,
5/1/26,10.931,,,,,,,
6/1/26,13.285,,,,,,,
7/1/26,14.168,,,,,,,
8/1/26,13.877,,,,,,,
9/1/26,12.075,,,,,,,
10/1/26,9.55,,,,,,,
11/1/26,6.3,,,,,,,
12/1/26,3.366,,,,,,,
1/1/27,2.372,,,,,,,
2/1/27,3.0389999999999997,,,,,,,
3/1/27,4.668,,,,,,,
4/1/27,8.035,,,,,,,
5/1/27,11.104000000000001,,,,,,,
6/1/27,13.271999999999998,,,,,,,
7/1/27,14.323,,,,,,,
8/1/27,13.698,,,,,,,
9/1/27,12.254000000000001,,,,,,,
10/1/27,9.887,,,,,,,
11/1/27,6.346,,,,,,,
12/1/27,3.267,,,,,,,
1/1/28,3.0460000000000003,,,,,,,
2/1/28,3.333,,,,,,,
3/1/28,4.959,,,,,,,
4/1/28,8.244,,,,,,,
5/1/28,11.169,,,,,,,
6/1/28,13.113,,,,,,,
7/1/28,14.31,,,,,,,
8/1/28,13.687000000000001,,,,,,,
9/1/28,12.03,,,,,,,
10/1/28,9.486,,,,,,,
11/1/28,6.336,,,,,,,
12/1/28,3.873,,,,,,,
1/1/29,2.0540000000000003,,,,,,,
2/1/29,2.172,,,,,,,
3/1/29,5.099,,,,,,,
4/1/29,8.094,,,,,,,
5/1/29,10.915,,,,,,,
6/1/29,12.928,,,,,,,
7/1/29,13.957,,,,,,,
8/1/29,13.68,,,,,,,
9/1/29,11.807,,,,,,,
10/1/29,9.46,,,,,,,
11/1/29,6.172000000000001,,,,,,,
12/1/29,2.571,,,,,,,
1/1/30,2.401,,,,,,,
2/1/30,3.1519999999999997,,,,,,,
3/1/30,5.483,,,,,,,
4/1/30,8.181999999999999,,,,,,,
5/1/30,11.105,,,,,,,
6/1/30,13.347000000000001,,,,,,,
7/1/30,14.465,,,,,,,
8/1/30,13.928,,,,,,,
9/1/30,11.874,,,,,,,
10/1/30,9.261000000000001,,,,,,,
11/1/30,6.574,,,,,,,
12/1/30,3.8310000000000004,,,,,,,
1/1/31,2.761,,,,,,,
2/1/31,2.708,,,,,,,
3/1/31,5.22,,,,,,,
4/1/31,8.163,,,,,,,
5/1/31,11.02,,,,,,,
6/1/31,13.573,,,,,,,
7/1/31,14.575999999999999,,,,,,,
8/1/31,14.12,,,,,,,
9/1/31,12.283,,,,,,,
10/1/31,9.937000000000001,,,,,,,
11/1/31,6.242999999999999,,,,,,,
12/1/31,4.027,,,,,,,
1/1/32,3.6039999999999996,,,,,,,
2/1/32,2.989,,,,,,,
3/1/32,4.94,,,,,,,
4/1/32,8.769,,,,,,,
5/1/32,11.239,,,,,,,
6/1/32,13.383,,,,,,,
7/1/32,14.372,,,,,,,
8/1/32,13.74,,,,,,,
9/1/32,12.31,,,,,,,
10/1/32,9.682,,,,,,,
11/1/32,5.9079999999999995,,,,,,,
12/1/32,3.527,,,,,,,
1/1/33,2.169,,,,,,,
2/1/33,2.657,,,,,,,
3/1/33,4.869,,,,,,,
4/1/33,8.125,,,,,,,
5/1/33,11.047,,,,,,,
6/1/33,13.11,,,,,,,
7/1/33,14.235999999999999,,,,,,,
8/1/33,13.76,,,,,,,
9/1/33,11.854000000000001,,,,,,,
10/1/33,9.238,,,,,,,
11/1/33,5.89,,,,,,,
12/1/33,3.1039999999999996,,,,,,,
1/1/34,2.476,,,,,,,
2/1/34,3.699,,,,,,,
3/1/34,4.8180000000000005,,,,,,,
4/1/34,8.016,,,,,,,
5/1/34,11.478,,,,,,,
6/1/34,13.402000000000001,,,,,,,
7/1/34,14.343,,,,,,,
8/1/34,13.777999999999999,,,,,,,
9/1/34,11.727,,,,,,,
10/1/34,9.421,,,,,,,
11/1/34,6.397,,,,,,,
12/1/34,3.985,,,,,,,
1/1/35,2.1750000000000003,,,,,,,
2/1/35,4.125,,,,,,,
3/1/35,5.399,,,,,,,
4/1/35,7.770999999999999,,,,,,,
5/1/35,10.906,,,,,,,
6/1/35,13.326,,,,,,,
7/1/35,14.331,,,,,,,
8/1/35,13.775,,,,,,,
9/1/35,11.999,,,,,,,
10/1/35,9.516,,,,,,,
11/1/35,5.443,,,,,,,
12/1/35,3.423,,,,,,,
1/1/36,2.249,,,,,,,
2/1/36,2.506,,,,,,,
3/1/36,5.031000000000001,,,,,,,
4/1/36,8.126999999999999,,,,,,,
5/1/36,11.251,,,,,,,
6/1/36,13.363,,,,,,,
7/1/36,14.629000000000001,,,,,,,
8/1/36,13.86,,,,,,,
9/1/36,12.021,,,,,,,
10/1/36,9.457,,,,,,,
11/1/36,6.2330000000000005,,,,,,,
12/1/36,3.9210000000000003,,,,,,,
1/1/37,2.4530000000000003,,,,,,,
2/1/37,3.553,,,,,,,
3/1/37,4.851,,,,,,,
4/1/37,8.139999999999999,,,,,,,
5/1/37,11.422,,,,,,,
6/1/37,13.603,,,,,,,
7/1/37,14.375,,,,,,,
8/1/37,14.007,,,,,,,
9/1/37,12.412999999999998,,,,,,,
10/1/37,9.729,,,,,,,
11/1/37,6.356,,,,,,,
12/1/37,3.478,,,,,,,
1/1/38,2.91,,,,,,,
2/1/38,3.417,,,,,,,
3/1/38,5.651,,,,,,,
4/1/38,8.913,,,,,,,
5/1/38,11.456,,,,,,,
6/1/38,13.321,,,,,,,
7/1/38,14.482000000000001,,,,,,,
8/1/38,13.963,,,,,,,
9/1/38,12.427,,,,,,,
10/1/38,9.784,,,,,,,
11/1/38,6.53,,,,,,,
12/1/38,3.51,,,,,,,
1/1/39,2.932,,,,,,,
2/1/39,3.232,,,,,,,
3/1/39,4.926,,,,,,,
4/1/39,8.328,,,,,,,
5/1/39,11.524000000000001,,,,,,,
6/1/39,13.531,,,,,,,
7/1/39,14.395,,,,,,,
8/1/39,13.932,,,,,,,
9/1/39,11.957999999999998,,,,,,,
10/1/39,9.218,,,,,,,
11/1/39,6.189,,,,,,,
12/1/39,4.959,,,,,,,
1/1/40,2.335,,,,,,,
2/1/40,3.423,,,,,,,
3/1/40,5.4239999999999995,,,,,,,
4/1/40,8.756,,,,,,,
5/1/40,11.338,,,,,,,
6/1/40,13.583,,,,,,,
7/1/40,14.571,,,,,,,
8/1/40,13.811,,,,,,,
9/1/40,12.268,,,,,,,
10/1/40,9.457,,,,,,,
11/1/40,6.0760000000000005,,,,,,,
12/1/40,4.1339999999999995,,,,,,,
1/1/41,2.7350000000000003,,,,,,,
2/1/41,3.67,,,,,,,
3/1/41,5.212999999999999,,,,,,,
4/1/41,8.575,,,,,,,
5/1/41,11.493,,,,,,,
6/1/41,13.63,,,,,,,
7/1/41,14.694,,,,,,,
8/1/41,14.027999999999999,,,,,,,
9/1/41,11.816,,,,,,,
10/1/41,9.71,,,,,,,
11/1/41,5.952999999999999,,,,,,,
12/1/41,3.707,,,,,,,
1/1/42,3.103,,,,,,,
2/1/42,2.8569999999999998,,,,,,,
3/1/42,5.308,,,,,,,
4/1/42,8.415999999999999,,,,,,,
5/1/42,11.338,,,,,,,
6/1/42,13.578,,,,,,,
7/1/42,14.242,,,,,,,
8/1/42,13.786,,,,,,,
9/1/42,12.146,,,,,,,
10/1/42,9.627,,,,,,,
11/1/42,6.3950000000000005,,,,,,,
12/1/42,3.945,,,,,,,
1/1/43,2.396,,,,,,,
2/1/43,3.513,,,,,,,
3/1/43,5.138,,,,,,,
4/1/43,8.638,,,,,,,
5/1/43,11.485,,,,,,,
6/1/43,13.161,,,,,,,
7/1/43,14.46,,,,,,,
8/1/43,13.774000000000001,,,,,,,
9/1/43,12.095999999999998,,,,,,,
10/1/43,9.907,,,,,,,
11/1/43,6.26,,,,,,,
12/1/43,4.2330000000000005,,,,,,,
1/1/44,3.5039999999999996,,,,,,,
2/1/44,3.591,,,,,,,
3/1/44,5.531000000000001,,,,,,,
4/1/44,8.434,,,,,,,
5/1/44,11.334000000000001,,,,,,,
6/1/44,13.478,,,,,,,
7/1/44,14.468,,,,,,,
8/1/44,14.017000000000001,,,,,,,
9/1/44,12.45,,,,,,,
10/1/44,9.808,,,,,,,
11/1/44,6.091,,,,,,,
12/1/44,3.434,,,,,,,
1/1/45,2.525,,,,,,,
2/1/45,2.6460000000000004,,,,,,,
3/1/45,5.184,,,,,,,
4/1/45,8.681000000000001,,,,,,,
5/1/45,11.097000000000001,,,,,,,
6/1/45,13.328,,,,,,,
7/1/45,14.213,,,,,,,
8/1/45,14.312999999999999,,,,,,,
9/1/45,12.225,,,,,,,
10/1/45,9.575,,,,,,,
11/1/45,6.0729999999999995,,,,,,,
12/1/45,3.158,,,,,,,
1/1/46,2.9789999999999996,,,,,,,
2/1/46,3.4610000000000003,,,,,,,
3/1/46,5.236000000000001,,,,,,,
4/1/46,8.837,,,,,,,
5/1/46,11.355,,,,,,,
6/1/46,13.298,,,,,,,
7/1/46,14.409,,,,,,,
8/1/46,13.834000000000001,,,,,,,
9/1/46,12.064,,,,,,,
10/1/46,9.281,,,,,,,
11/1/46,6.235,,,,,,,
12/1/46,3.134,,,,,,,
1/1/47,2.597,,,,,,,
2/1/47,3.2769999999999997,,,,,,,
3/1/47,5.801,,,,,,,
4/1/47,8.686,,,,,,,
5/1/47,11.329,,,,,,,
6/1/47,13.459000000000001,,,,,,,
7/1/47,14.349,,,,,,,
8/1/47,13.827,,,,,,,
9/1/47,12.166,,,,,,,
10/1/47,10.011000000000001,,,,,,,
11/1/47,6.407,,,,,,,
12/1/47,3.656,,,,,,,
1/1/48,3.366,,,,,,,
2/1/48,3.22,,,,,,,
3/1/48,4.9190000000000005,,,,,,,
4/1/48,8.498999999999999,,,,,,,
5/1/48,11.537,,,,,,,
6/1/48,13.664000000000001,,,,,,,
7/1/48,14.445,,,,,,,
8/1/48,13.895999999999999,,,,,,,
9/1/48,12.155,,,,,,,
10/1/48,9.584,,,,,,,
11/1/48,6.1850000000000005,,,,,,,
12/1/48,3.491,,,,,,,
1/1/49,3.2190000000000003,,,,,,,
2/1/49,2.759,,,,,,,
3/1/49,5.077,,,,,,,
4/1/49,8.344,,,,,,,
5/1/49,11.309000000000001,,,,,,,
6/1/49,13.223,,,,,,,
7/1/49,14.199000000000002,,,,,,,
8/1/49,13.825999999999999,,,,,,,
9/1/49,11.957,,,,,,,
10/1/49,9.531,,,,,,,
11/1/49,6.148,,,,,,,
12/1/49,3.449,,,,,,,
1/1/50,2.008,,,,,,,
2/1/50,2.721,,,,,,,
3/1/50,5.247000000000001,,,,,,,
4/1/50,8.123,,,,,,,
5/1/50,11.297,,,,,,,
6/1/50,13.382,,,,,,,
7/1/50,14.14,,,,,,,
8/1/50,13.46,,,,,,,
9/1/50,11.952,,,,,,,
10/1/50,9.153,,,,,,,
11/1/50,5.372000000000001,,,,,,,
12/1/50,3.528,,,,,,,
1/1/51,2.138,,,,,,,
2/1/51,2.332,,,,,,,
3/1/51,5.091,,,,,,,
4/1/51,8.366999999999999,,,,,,,
5/1/51,11.438,,,,,,,
6/1/51,13.25,,,,,,,
7/1/51,14.324000000000002,,,,,,,
8/1/51,14.020999999999999,,,,,,,
9/1/51,12.324000000000002,,,,,,,
10/1/51,9.67,,,,,,,
11/1/51,6.2250000000000005,,,,,,,
12/1/51,4.3279999999999985,,,,,,,
1/1/52,3.049,,,,,,,
2/1/52,3.3960000000000004,,,,,,,
3/1/52,4.9670000000000005,,,,,,,
4/1/52,8.461,,,,,,,
5/1/52,11.352,,,,,,,
6/1/52,13.442,,,,,,,
7/1/52,14.549000000000001,,,,,,,
8/1/52,13.964,,,,,,,
9/1/52,12.238,,,,,,,
10/1/52,9.157,,,,,,,
11/1/52,5.425,,,,,,,
12/1/52,3.659,,,,,,,
1/1/53,2.964,,,,,,,
2/1/53,3.6289999999999996,,,,,,,
3/1/53,5.712000000000001,,,,,,,
4/1/53,8.892000000000001,,,,,,,
5/1/53,11.514000000000001,,,,,,,
6/1/53,13.612,,,,,,,
7/1/53,14.392000000000001,,,,,,,
8/1/53,14.059000000000001,,,,,,,
9/1/53,12.199000000000002,,,,,,,
10/1/53,9.59,,,,,,,
11/1/53,5.9239999999999995,,,,,,,
12/1/53,3.998,,,,,,,
1/1/54,2.059,,,,,,,
2/1/54,3.0839999999999996,,,,,,,
3/1/54,5.148,,,,,,,
4/1/54,8.158,,,,,,,
5/1/54,10.988,,,,,,,
6/1/54,13.4,,,,,,,
7/1/54,14.241,,,,,,,
8/1/54,13.868,,,,,,,
9/1/54,12.098,,,,,,,
10/1/54,9.546,,,,,,,
11/1/54,6.579,,,,,,,
12/1/54,3.559,,,,,,,
1/1/55,3.412,,,,,,,
2/1/55,3.137,,,,,,,
3/1/55,4.585,,,,,,,
4/1/55,8.136000000000001,,,,,,,
5/1/55,11.191999999999998,,,,,,,
6/1/55,13.56,,,,,,,
7/1/55,14.242,,,,,,,
8/1/55,14.283,,,,,,,
9/1/55,11.954,,,,,,,
10/1/55,9.735,,,,,,,
11/1/55,5.973,,,,,,,
12/1/55,3.306,,,,,,,
1/1/56,2.4659999999999997,,,,,,,
2/1/56,2.781,,,,,,,
3/1/56,4.888999999999999,,,,,,,
4/1/56,7.922000000000001,,,,,,,
5/1/56,10.720999999999998,,,,,,,
6/1/56,13.16,,,,,,,
7/1/56,14.18,,,,,,,
8/1/56,13.189,,,,,,,
9/1/56,11.783,,,,,,,
10/1/56,8.927999999999997,,,,,,,
11/1/56,5.7379999999999995,,,,,,,
12/1/56,3.5980000000000003,,,,,,,
1/1/57,2.488,,,,,,,
2/1/57,3.12,,,,,,,
3/1/57,5.0360000000000005,,,,,,,
4/1/57,8.366,,,,,,,
5/1/57,11.259,,,,,,,
6/1/57,13.783,,,,,,,
7/1/57,14.129000000000001,,,,,,,
8/1/57,14.082,,,,,,,
9/1/57,12.312000000000001,,,,,,,
10/1/57,9.496,,,,,,,
11/1/57,6.391,,,,,,,
12/1/57,4.3279999999999985,,,,,,,
1/1/58,3.5740000000000003,,,,,,,
2/1/58,3.695,,,,,,,
3/1/58,5.452999999999999,,,,,,,
4/1/58,8.52,,,,,,,
5/1/58,11.518999999999998,,,,,,,
6/1/58,13.187000000000001,,,,,,,
7/1/58,14.437999999999999,,,,,,,
8/1/58,13.597000000000001,,,,,,,
9/1/58,11.845,,,,,,,
10/1/58,9.375,,,,,,,
11/1/58,6.26,,,,,,,
12/1/58,3.822,,,,,,,
1/1/59,2.9589999999999996,,,,,,,
2/1/59,3.33,,,,,,,
3/1/59,5.854,,,,,,,
4/1/59,8.818999999999997,,,,,,,
5/1/59,11.323,,,,,,,
6/1/59,13.577,,,,,,,
7/1/59,14.449000000000002,,,,,,,
8/1/59,13.853,,,,,,,
9/1/59,11.946,,,,,,,
10/1/59,9.16,,,,,,,
11/1/59,5.752000000000001,,,,,,,
12/1/59,3.77,,,,,,,
1/1/60,2.713,,,,,,,
2/1/60,3.798,,,,,,,
3/1/60,4.303,,,,,,,
4/1/60,8.133,,,,,,,
5/1/60,10.872,,,,,,,
6/1/60,13.484000000000002,,,,,,,
7/1/60,14.198,,,,,,,
8/1/60,13.825,,,,,,,
9/1/60,12.095,,,,,,,
10/1/60,9.497,,,,,,,
11/1/60,5.827999999999999,,,,,,,
12/1/60,4.2589999999999995,,,,,,,
1/1/61,2.926,,,,,,,
2/1/61,3.6830000000000003,,,,,,,
3/1/61,5.5889999999999995,,,,,,,
4/1/61,8.631,,,,,,,
5/1/61,11.624,,,,,,,
6/1/61,13.702,,,,,,,
7/1/61,14.288,,,,,,,
8/1/61,13.849,,,,,,,
9/1/61,12.247,,,,,,,
10/1/61,9.328,,,,,,,
11/1/61,6.205,,,,,,,
12/1/61,3.5,,,,,,,
1/1/62,3.003,,,,,,,
2/1/62,3.696,,,,,,,
3/1/62,5.53,,,,,,,
4/1/62,8.54,,,,,,,
5/1/62,11.128,,,,,,,
6/1/62,13.427,,,,,,,
7/1/62,14.205,,,,,,,
8/1/62,13.713,,,,,,,
9/1/62,12.018,,,,,,,
10/1/62,9.468,,,,,,,
11/1/62,6.2829999999999995,,,,,,,
12/1/62,3.94,,,,,,,
1/1/63,2.901,,,,,,,
2/1/63,4.02,,,,,,,
3/1/63,5.0969999999999995,,,,,,,
4/1/63,8.173,,,,,,,
5/1/63,11.045,,,,,,,
6/1/63,13.412,,,,,,,
7/1/63,14.505999999999998,,,,,,,
8/1/63,14.309000000000001,,,,,,,
9/1/63,12.555,,,,,,,
10/1/63,9.943,,,,,,,
11/1/63,6.561,,,,,,,
12/1/63,3.75,,,,,,,
1/1/64,2.881,,,,,,,
2/1/64,3.028,,,,,,,
3/1/64,4.865,,,,,,,
4/1/64,7.922000000000001,,,,,,,
5/1/64,10.905,,,,,,,
6/1/64,13.459000000000001,,,,,,,
7/1/64,14.300999999999998,,,,,,,
8/1/64,13.677999999999999,,,,,,,
9/1/64,11.604000000000001,,,,,,,
10/1/64,8.831999999999997,,,,,,,
11/1/64,5.9830000000000005,,,,,,,
12/1/64,3.458,,,,,,,
1/1/65,2.862,,,,,,,
2/1/65,3.036,,,,,,,
3/1/65,5.182,,,,,,,
4/1/65,7.989999999999998,,,,,,,
5/1/65,11.222000000000001,,,,,,,
6/1/65,13.308,,,,,,,
7/1/65,14.078,,,,,,,
8/1/65,13.807,,,,,,,
9/1/65,11.73,,,,,,,
10/1/65,9.488,,,,,,,
11/1/65,5.86,,,,,,,
12/1/65,3.766,,,,,,,
1/1/66,2.49,,,,,,,
2/1/66,3.29,,,,,,,
3/1/66,5.527,,,,,,,
4/1/66,8.161,,,,,,,
5/1/66,11.2,,,,,,,
6/1/66,13.587,,,,,,,
7/1/66,14.569,,,,,,,
8/1/66,13.731,,,,,,,
9/1/66,12.133,,,,,,,
10/1/66,9.153,,,,,,,
11/1/66,5.968999999999999,,,,,,,
12/1/66,3.382,,,,,,,
1/1/67,2.71,,,,,,,
2/1/67,2.905,,,,,,,
3/1/67,5.396,,,,,,,
4/1/67,8.458,,,,,,,
5/1/67,11.632,,,,,,,
6/1/67,13.194,,,,,,,
7/1/67,14.331,,,,,,,
8/1/67,13.821,,,,,,,
9/1/67,12.053999999999998,,,,,,,
10/1/67,9.809,,,,,,,
11/1/67,6.176,,,,,,,
12/1/67,3.915,,,,,,,
1/1/68,2.353,,,,,,,
2/1/68,3.245,,,,,,,
3/1/68,6.117000000000001,,,,,,,
4/1/68,8.455,,,,,,,
5/1/68,11.068,,,,,,,
6/1/68,13.204,,,,,,,
7/1/68,14.026,,,,,,,
8/1/68,13.524000000000001,,,,,,,
9/1/68,11.62,,,,,,,
10/1/68,9.453,,,,,,,
11/1/68,5.891,,,,,,,
12/1/68,3.24,,,,,,,
1/1/69,1.966,,,,,,,
2/1/69,2.45,,,,,,,
3/1/69,5.131,,,,,,,
4/1/69,8.575999999999999,,,,,,,
5/1/69,11.354000000000001,,,,,,,
6/1/69,13.475,,,,,,,
7/1/69,14.218,,,,,,,
8/1/69,13.804,,,,,,,
9/1/69,12.048,,,,,,,
10/1/69,9.489,,,,,,,
11/1/69,6.42,,,,,,,
12/1/69,4.21,,,,,,,
1/1/70,2.8360000000000003,,,,,,,
2/1/70,3.735,,,,,,,
3/1/70,5.272,,,,,,,
4/1/70,8.603,,,,,,,
5/1/70,11.206,,,,,,,
6/1/70,13.513,,,,,,,
7/1/70,14.395,,,,,,,
8/1/70,13.658,,,,,,,
9/1/70,12.277000000000001,,,,,,,
10/1/70,9.348,,,,,,,
11/1/70,6.047000000000001,,,,,,,
12/1/70,3.5210000000000004,,,,,,,
1/1/71,2.967,,,,,,,
2/1/71,2.867,,,,,,,
3/1/71,5.001,,,,,,,
4/1/71,8.338999999999999,,,,,,,
5/1/71,11.211,,,,,,,
6/1/71,13.099,,,,,,,
7/1/71,14.139000000000001,,,,,,,
8/1/71,13.879000000000001,,,,,,,
9/1/71,12.139000000000001,,,,,,,
10/1/71,9.388,,,,,,,
11/1/71,6.295,,,,,,,
12/1/71,3.867,,,,,,,
1/1/72,1.882,,,,,,,
2/1/72,2.609,,,,,,,
3/1/72,5.287000000000001,,,,,,,
4/1/72,8.337,,,,,,,
5/1/72,11.155,,,,,,,
6/1/72,13.501,,,,,,,
7/1/72,14.231,,,,,,,
8/1/72,14.171,,,,,,,
9/1/72,11.901,,,,,,,
10/1/72,9.346,,,,,,,
11/1/72,5.7970000000000015,,,,,,,
12/1/72,3.778,,,,,,,
1/1/73,3.0380000000000003,,,,,,,
2/1/73,3.898,,,,,,,
3/1/73,5.82,,,,,,,
4/1/73,8.937999999999997,,,,,,,
5/1/73,11.768999999999998,,,,,,,
6/1/73,13.824000000000002,,,,,,,
7/1/73,14.435,,,,,,,
8/1/73,13.869000000000002,,,,,,,
9/1/73,12.125,,,,,,,
10/1/73,9.609,,,,,,,
11/1/73,6.222,,,,,,,
12/1/73,3.832,,,,,,,
1/1/74,2.261,,,,,,,
2/1/74,2.582,,,,,,,
3/1/74,5.19,,,,,,,
4/1/74,8.386000000000001,,,,,,,
5/1/74,11.198,,,,,,,
6/1/74,13.382,,,,,,,
7/1/74,14.288,,,,,,,
8/1/74,14.015999999999998,,,,,,,
9/1/74,11.744000000000002,,,,,,,
10/1/74,9.098,,,,,,,
11/1/74,5.915,,,,,,,
12/1/74,3.55,,,,,,,
1/1/75,3.0589999999999997,,,,,,,
2/1/75,3.395,,,,,,,
3/1/75,5.706,,,,,,,
4/1/75,8.584,,,,,,,
5/1/75,11.742,,,,,,,
6/1/75,13.557,,,,,,,
7/1/75,14.350999999999999,,,,,,,
8/1/75,13.514000000000001,,,,,,,
9/1/75,12.152000000000001,,,,,,,
10/1/75,9.318,,,,,,,
11/1/75,5.893,,,,,,,
12/1/75,3.667,,,,,,,
1/1/76,2.884,,,,,,,
2/1/76,3.031,,,,,,,
3/1/76,4.5169999999999995,,,,,,,
4/1/76,8.293999999999999,,,,,,,
5/1/76,10.941999999999998,,,,,,,
6/1/76,13.086,,,,,,,
7/1/76,14.155,,,,,,,
8/1/76,13.511,,,,,,,
9/1/76,11.895,,,,,,,
10/1/76,8.511000000000001,,,,,,,
11/1/76,5.66,,,,,,,
12/1/76,3.681,,,,,,,
1/1/77,2.492,,,,,,,
2/1/77,3.471,,,,,,,
3/1/77,5.702000000000001,,,,,,,
4/1/77,8.85,,,,,,,
5/1/77,11.78,,,,,,,
6/1/77,13.876,,,,,,,
7/1/77,14.630999999999998,,,,,,,
8/1/77,14.09,,,,,,,
9/1/77,11.861999999999998,,,,,,,
10/1/77,9.156,,,,,,,
11/1/77,6.5440000000000005,,,,,,,
12/1/77,3.7489999999999997,,,,,,,
1/1/78,2.705,,,,,,,
2/1/78,3.4560000000000004,,,,,,,
3/1/78,5.607,,,,,,,
4/1/78,8.790999999999999,,,,,,,
5/1/78,11.414000000000001,,,,,,,
6/1/78,13.22,,,,,,,
7/1/78,14.364,,,,,,,
8/1/78,13.297,,,,,,,
9/1/78,12.03,,,,,,,
10/1/78,9.339,,,,,,,
11/1/78,6.3500000000000005,,,,,,,
12/1/78,3.74,,,,,,,
1/1/79,2.6790000000000003,,,,,,,
2/1/79,2.841,,,,,,,
3/1/79,5.474,,,,,,,
4/1/79,8.455,,,,,,,
5/1/79,11.199000000000002,,,,,,,
6/1/79,13.487,,,,,,,
7/1/79,14.114,,,,,,,
8/1/79,13.833,,,,,,,
9/1/79,12.247,,,,,,,
10/1/79,9.586,,,,,,,
11/1/79,6.2860000000000005,,,,,,,
12/1/79,4.6,,,,,,,
1/1/80,2.9560000000000004,,,,,,,
2/1/80,3.6519999999999997,,,,,,,
3/1/80,5.367000000000001,,,,,,,
4/1/80,8.934999999999997,,,,,,,
5/1/80,11.77,,,,,,,
6/1/80,13.582,,,,,,,
7/1/80,14.742,,,,,,,
8/1/80,14.189,,,,,,,
9/1/80,12.321,,,,,,,
10/1/80,9.55,,,,,,,
11/1/80,6.684,,,,,,,
12/1/80,4.016,,,,,,,
1/1/81,3.785,,,,,,,
2/1/81,4.021,,,,,,,
3/1/81,6.239,,,,,,,
4/1/81,8.953,,,,,,,
5/1/81,11.565,,,,,,,
6/1/81,13.765,,,,,,,
7/1/81,14.738,,,,,,,
8/1/81,14.502,,,,,,,
9/1/81,12.236,,,,,,,
10/1/81,9.394,,,,,,,
11/1/81,6.273,,,,,,,
12/1/81,4.519,,,,,,,
1/1/82,2.5580000000000003,,,,,,,
2/1/82,3.281,,,,,,,
3/1/82,4.873,,,,,,,
4/1/82,8.465,,,,,,,
5/1/82,11.348,,,,,,,
6/1/82,13.245,,,,,,,
7/1/82,14.545,,,,,,,
8/1/82,13.796,,,,,,,
9/1/82,12.039000000000001,,,,,,,
10/1/82,9.232000000000001,,,,,,,
11/1/82,5.961,,,,,,,
12/1/82,4.327,,,,,,,
1/1/83,3.4450000000000003,,,,,,,
2/1/83,3.8139999999999996,,,,,,,
3/1/83,5.699,,,,,,,
4/1/83,8.693,,,,,,,
5/1/83,11.729000000000001,,,,,,,
6/1/83,13.478,,,,,,,
7/1/83,14.408,,,,,,,
8/1/83,14.302,,,,,,,
9/1/83,12.698,,,,,,,
10/1/83,9.478,,,,,,,
11/1/83,6.7650000000000015,,,,,,,
12/1/83,3.829,,,,,,,
1/1/84,2.9410000000000003,,,,,,,
2/1/84,3.093,,,,,,,
3/1/84,5.671,,,,,,,
4/1/84,8.431999999999999,,,,,,,
5/1/84,11.976,,,,,,,
6/1/84,13.387,,,,,,,
7/1/84,14.429,,,,,,,
8/1/84,13.984000000000002,,,,,,,
9/1/84,12.015,,,,,,,
10/1/84,9.378,,,,,,,
11/1/84,5.811,,,,,,,
12/1/84,3.185,,,,,,,
1/1/85,3.01,,,,,,,
2/1/85,2.704,,,,,,,
3/1/85,5.4510000000000005,,,,,,,
4/1/85,8.633,,,,,,,
5/1/85,11.425999999999998,,,,,,,
6/1/85,13.569,,,,,,,
7/1/85,13.972999999999999,,,,,,,
8/1/85,14.059000000000001,,,,,,,
9/1/85,11.98,,,,,,,
10/1/85,9.338,,,,,,,
11/1/85,5.968,,,,,,,
12/1/85,3.785,,,,,,,
1/1/86,3.315,,,,,,,
2/1/86,3.991,,,,,,,
3/1/86,5.755,,,,,,,
4/1/86,8.870999999999997,,,,,,,
5/1/86,11.581,,,,,,,
6/1/86,13.439,,,,,,,
7/1/86,14.293,,,,,,,
8/1/86,13.972000000000001,,,,,,,
9/1/86,11.816999999999998,,,,,,,
10/1/86,9.299,,,,,,,
11/1/86,5.9190000000000005,,,,,,,
12/1/86,3.7510000000000003,,,,,,,
1/1/87,3.139,,,,,,,
2/1/87,4.1339999999999995,,,,,,,
3/1/87,5.245,,,,,,,
4/1/87,8.594999999999999,,,,,,,
5/1/87,11.525,,,,,,,
6/1/87,13.927,,,,,,,
7/1/87,14.89,,,,,,,
8/1/87,13.895999999999999,,,,,,,
9/1/87,12.447000000000001,,,,,,,
10/1/87,9.59,,,,,,,
11/1/87,6.056,,,,,,,
12/1/87,4.489,,,,,,,
1/1/88,3.4539999999999997,,,,,,,
2/1/88,3.4219999999999997,,,,,,,
3/1/88,5.931,,,,,,,
4/1/88,8.991999999999997,,,,,,,
5/1/88,11.852,,,,,,,
6/1/88,14.099,,,,,,,
7/1/88,14.798,,,,,,,
8/1/88,14.552999999999999,,,,,,,
9/1/88,12.681,,,,,,,
10/1/88,9.979,,,,,,,
11/1/88,6.295,,,,,,,
12/1/88,4.363,,,,,,,
1/1/89,2.71,,,,,,,
2/1/89,3.627,,,,,,,
3/1/89,5.792000000000001,,,,,,,
4/1/89,8.689,,,,,,,
5/1/89,11.28,,,,,,,
6/1/89,13.447000000000001,,,,,,,
7/1/89,14.612,,,,,,,
8/1/89,14.135,,,,,,,
9/1/89,12.403,,,,,,,
10/1/89,9.76,,,,,,,
11/1/89,6.178999999999999,,,,,,,
12/1/89,4.43,,,,,,,
1/1/90,3.2430000000000003,,,,,,,
2/1/90,3.6430000000000002,,,,,,,
3/1/90,6.73,,,,,,,
4/1/90,9.169,,,,,,,
5/1/90,11.831,,,,,,,
6/1/90,13.893,,,,,,,
7/1/90,14.784,,,,,,,
8/1/90,14.095,,,,,,,
9/1/90,12.195,,,,,,,
10/1/90,9.882,,,,,,,
11/1/90,6.92,,,,,,,
12/1/90,4.425,,,,,,,
1/1/91,3.1950000000000003,,,,,,,
2/1/91,4.0440000000000005,,,,,,,
3/1/91,5.574,,,,,,,
4/1/91,9.226,,,,,,,
5/1/91,11.616,,,,,,,
6/1/91,14.263,,,,,,,
7/1/91,14.987,,,,,,,
8/1/91,14.319,,,,,,,
9/1/91,12.677,,,,,,,
10/1/91,9.753,,,,,,,
11/1/91,6.44,,,,,,,
12/1/91,4.059,,,,,,,
1/1/92,3.5789999999999997,,,,,,,
2/1/92,3.931,,,,,,,
3/1/92,5.952000000000001,,,,,,,
4/1/92,8.572000000000001,,,,,,,
5/1/92,11.534999999999998,,,,,,,
6/1/92,13.576,,,,,,,
7/1/92,14.139000000000001,,,,,,,
8/1/92,13.765999999999998,,,,,,,
9/1/92,11.672,,,,,,,
10/1/92,9.353,,,,,,,
11/1/92,5.888999999999999,,,,,,,
12/1/92,4.075,,,,,,,
1/1/93,3.301,,,,,,,
2/1/93,3.745,,,,,,,
3/1/93,5.922999999999999,,,,,,,
4/1/93,8.69,,,,,,,
5/1/93,11.475,,,,,,,
6/1/93,13.518,,,,,,,
7/1/93,14.595,,,,,,,
8/1/93,13.835,,,,,,,
9/1/93,11.93,,,,,,,
10/1/93,9.614,,,,,,,
11/1/93,5.7379999999999995,,,,,,,
12/1/93,4.035,,,,,,,
1/1/94,3.0239999999999996,,,,,,,
2/1/94,2.81,,,,,,,
3/1/94,5.731,,,,,,,
4/1/94,9.018,,,,,,,
5/1/94,11.684000000000001,,,,,,,
6/1/94,14.144,,,,,,,
7/1/94,14.658,,,,,,,
8/1/94,13.977,,,,,,,
9/1/94,12.515999999999998,,,,,,,
10/1/94,10.002,,,,,,,
11/1/94,6.787999999999999,,,,,,,
12/1/94,4.113,,,,,,,
1/1/95,3.54,,,,,,,
2/1/95,4.656000000000001,,,,,,,
3/1/95,5.956,,,,,,,
4/1/95,8.972000000000001,,,,,,,
5/1/95,11.57,,,,,,,
6/1/95,14.164000000000001,,,,,,,
7/1/95,15.116,,,,,,,
8/1/95,14.636,,,,,,,
9/1/95,12.565,,,,,,,
10/1/95,10.106,,,,,,,
11/1/95,6.761,,,,,,,
12/1/95,4.123,,,,,,,
1/1/96,2.862,,,,,,,
2/1/96,4.0120000000000005,,,,,,,
3/1/96,5.524,,,,,,,
4/1/96,8.679,,,,,,,
5/1/96,11.588,,,,,,,
6/1/96,13.681,,,,,,,
7/1/96,14.827,,,,,,,
8/1/96,14.603,,,,,,,
9/1/96,12.294,,,,,,,
10/1/96,9.525,,,,,,,
11/1/96,6.5470000000000015,,,,,,,
12/1/96,4.325,,,,,,,
1/1/97,3.165,,,,,,,
2/1/97,3.766,,,,,,,
3/1/97,6.0120000000000005,,,,,,,
4/1/97,8.891,,,,,,,
5/1/97,11.593,,,,,,,
6/1/97,14.130999999999998,,,,,,,
7/1/97,14.565,,,,,,,
8/1/97,14.255999999999998,,,,,,,
9/1/97,12.685,,,,,,,
10/1/97,10.109,,,,,,,
11/1/97,6.841,,,,,,,
12/1/97,4.417,,,,,,,
1/1/98,3.3520000000000003,,,,,,,
2/1/98,4.8260000000000005,,,,,,,
3/1/98,6.023,,,,,,,
4/1/98,9.358,,,,,,,
5/1/98,12.291,,,,,,,
6/1/98,14.521,,,,,,,
7/1/98,15.34,,,,,,,
8/1/98,14.874,,,,,,,
9/1/98,12.672999999999998,,,,,,,
10/1/98,9.941,,,,,,,
11/1/98,6.404,,,,,,,
12/1/98,4.6690000000000005,,,,,,,
1/1/99,3.5439999999999996,,,,,,,
2/1/99,4.694,,,,,,,
3/1/99,5.53,,,,,,,
4/1/99,8.838,,,,,,,
5/1/99,11.706,,,,,,,
6/1/99,14.031,,,,,,,
7/1/99,14.853,,,,,,,
8/1/99,14.347999999999999,,,,,,,
9/1/99,12.723,,,,,,,
10/1/99,9.997,,,,,,,
11/1/99,6.5920000000000005,,,,,,,
12/1/99,4.565,,,,,,,
1/1/00,2.95,,,,,,,
2/1/00,4.184,,,,,,,
3/1/00,6.218999999999999,,,,,,,
4/1/00,9.552,,,,,,,
5/1/00,11.874,,,,,,,
6/1/00,14.06,,,,,,,
7/1/00,14.847999999999999,,,,,,,
8/1/00,14.519,,,,,,,
9/1/00,12.547,,,,,,,
10/1/00,9.486,,,,,,,
11/1/00,6.312,,,,,,,
12/1/00,3.863,,,,,,,
1/1/01,3.3360000000000003,,,,,,,
2/1/01,3.72,,,,,,,
3/1/01,6.207999999999999,,,,,,,
4/1/01,9.245,,,,,,,
5/1/01,12.271,,,,,,,
6/1/01,14.11,,,,,,,
7/1/01,15.161,,,,,,,
8/1/01,14.427,,,,,,,
9/1/01,12.736,,,,,,,
10/1/01,9.935,,,,,,,
11/1/01,7.319,,,,,,,
12/1/01,4.507,,,,,,,
1/1/02,4.026,,,,,,,
2/1/02,4.704,,,,,,,
3/1/02,6.772,,,,,,,
4/1/02,9.229,,,,,,,
5/1/02,12.248,,,,,,,
6/1/02,14.084000000000001,,,,,,,
7/1/02,15.354,,,,,,,
8/1/02,14.56,,,,,,,
9/1/02,12.95,,,,,,,
10/1/02,9.988,,,,,,,
11/1/02,6.892,,,,,,,
12/1/02,4.038,,,,,,,
1/1/03,3.9810000000000003,,,,,,,
2/1/03,4.085,,,,,,,
3/1/03,6.047999999999999,,,,,,,
4/1/03,9.154,,,,,,,
5/1/03,12.153,,,,,,,
6/1/03,14.017000000000001,,,,,,,
7/1/03,14.982999999999999,,,,,,,
8/1/03,14.691,,,,,,,
9/1/03,12.911,,,,,,,
10/1/03,10.424000000000001,,,,,,,
11/1/03,6.727,,,,,,,
12/1/03,5.132999999999999,,,,,,,
1/1/04,3.5250000000000004,,,,,,,
2/1/04,4.4990000000000006,,,,,,,
3/1/04,6.321000000000001,,,,,,,
4/1/04,9.249,,,,,,,
5/1/04,11.571,,,,,,,
6/1/04,13.889000000000001,,,,,,,
7/1/04,14.312000000000001,,,,,,,
8/1/04,14.187999999999999,,,,,,,
9/1/04,12.642000000000001,,,,,,,
10/1/04,10.127,,,,,,,
11/1/04,7.315,,,,,,,
12/1/04,4.257,,,,,,,
1/1/05,3.8080000000000003,,,,,,,
2/1/05,3.92,,,,,,,
3/1/05,6.5440000000000005,,,,,,,
4/1/05,9.618,,,,,,,
5/1/05,12.226,,,,,,,
6/1/05,14.476,,,,,,,
7/1/05,15.19,,,,,,,
8/1/05,14.51,,,,,,,
9/1/05,13.217,,,,,,,
10/1/05,10.601,,,,,,,
11/1/05,7.422999999999999,,,,,,,
12/1/05,4.878,,,,,,,
1/1/06,3.286,,,,,,,
2/1/06,4.43,,,,,,,
3/1/06,6.3290000000000015,,,,,,,
4/1/06,9.055,,,,,,,
5/1/06,11.786,,,,,,,
6/1/06,14.443,,,,,,,
7/1/06,15.042,,,,,,,
8/1/06,14.913,,,,,,,
9/1/06,12.875,,,,,,,
10/1/06,10.289000000000001,,,,,,,
11/1/06,6.955,,,,,,,
12/1/06,4.987,,,,,,,
1/1/07,4.5790000000000015,,,,,,,
2/1/07,4.221,,,,,,,
3/1/07,6.485,,,,,,,
4/1/07,9.823,,,,,,,
5/1/07,12.518,,,,,,,
6/1/07,14.309000000000001,,,,,,,
7/1/07,15.23,,,,,,,
8/1/07,14.752,,,,,,,
9/1/07,12.93,,,,,,,
10/1/07,10.332,,,,,,,
11/1/07,7.0840000000000005,,,,,,,
12/1/07,4.523,,,,,,,
1/1/08,2.8440000000000003,,,,,,,
2/1/08,3.576,,,,,,,
3/1/08,6.906000000000001,,,,,,,
4/1/08,9.295,,,,,,,
5/1/08,12.053999999999998,,,,,,,
6/1/08,14.145,,,,,,,
7/1/08,15.174000000000001,,,,,,,
8/1/08,14.377,,,,,,,
9/1/08,12.802,,,,,,,
10/1/08,10.399000000000001,,,,,,,
11/1/08,7.224,,,,,,,
12/1/08,4.385,,,,,,,
1/1/09,3.687,,,,,,,
2/1/09,4.093999999999999,,,,,,,
3/1/09,6.086,,,,,,,
4/1/09,9.367,,,,,,,
5/1/09,12.111999999999998,,,,,,,
6/1/09,14.201,,,,,,,
7/1/09,15.231,,,,,,,
8/1/09,14.655,,,,,,,
9/1/09,13.153,,,,,,,
10/1/09,10.136000000000001,,,,,,,
11/1/09,7.031000000000001,,,,,,,
12/1/09,4.31,,,,,,,
1/1/10,3.737,,,,,,,
2/1/10,4.399,,,,,,,
3/1/10,6.7379999999999995,,,,,,,
4/1/10,9.671,,,,,,,
5/1/10,12.406,,,,,,,
6/1/10,14.421,,,,,,,
7/1/10,15.213,,,,,,,
8/1/10,14.767999999999999,,,,,,,
9/1/10,12.863,,,,,,,
10/1/10,10.442,,,,,,,
11/1/10,7.487,,,,,,,
12/1/10,4.292,,,,,,,
1/1/11,3.282,,,,,,,
2/1/11,3.7430000000000003,,,,,,,
3/1/11,6.101,,,,,,,
4/1/11,9.483,,,,,,,
5/1/11,11.986,,,,,,,
6/1/11,14.37,,,,,,,
7/1/11,15.482000000000001,,,,,,,
8/1/11,15.012,,,,,,,
9/1/11,12.912,,,,,,,
10/1/11,10.352,,,,,,,
11/1/11,6.814,,,,,,,
12/1/11,4.6549999999999985,,,,,,,
1/1/12,3.157,,,,,,,
2/1/12,3.628,,,,,,,
3/1/12,6.023,,,,,,,
4/1/12,9.675999999999998,,,,,,,
5/1/12,12.59,,,,,,,
6/1/12,14.492,,,,,,,
7/1/12,15.075999999999999,,,,,,,
8/1/12,14.72,,,,,,,
9/1/12,13.04,,,,,,,
10/1/12,10.428,,,,,,,
11/1/12,7.1560000000000015,,,,,,,
12/1/12,4.102,,,,,,,
1/1/13,3.685,,,,,,,
2/1/13,4.222,,,,,,,
3/1/13,6.261,,,,,,,
4/1/13,9.044,,,,,,,
5/1/13,12.195,,,,,,,
6/1/13,14.568,,,,,,,
7/1/13,15.003,,,,,,,
8/1/13,14.742,,,,,,,
9/1/13,13.154000000000002,,,,,,,
10/1/13,10.255999999999998,,,,,,,
11/1/13,7.4239999999999995,,,,,,,
12/1/13,4.724,,,,,,,
1/1/14,3.7319999999999998,,,,,,,
2/1/14,3.5,,,,,,,
3/1/14,6.377999999999999,,,,,,,
4/1/14,9.589,,,,,,,
5/1/14,12.582,,,,,,,
6/1/14,14.335,,,,,,,
7/1/14,14.873,,,,,,,
8/1/14,14.875,,,,,,,
9/1/14,13.091,,,,,,,
10/1/14,10.33,,,,,,,
11/1/14,6.712999999999999,,,,,,,
12/1/14,4.85,,,,,,,
1/1/15,3.881,,,,,,,
2/1/15,4.664,,,,,,,
3/1/15,6.74,,,,,,,
4/1/15,9.313,,,,,,,
5/1/15,12.312000000000001,,,,,,,
6/1/15,14.505,,,,,,,
7/1/15,15.050999999999998,,,,,,,
8/1/15,14.755,,,,,,,
9/1/15,12.999,,,,,,,
10/1/15,10.800999999999998,,,,,,,
11/1/15,7.433,,,,,,,
12/1/15,5.518,,,,,,,